2,,11,0,創造的コラボレーション,"自分たちが成長しながら、チーム全体で
世界を変える新しい価値を生み出す。",これから、新しいプロジェクトを始めようとしている。,単に「複数人で何かをつくる」というだけで本当によいものを生み出すこ とは難しい。,"・複数人で分業すると、部分を足しあわせたような成果になってしまう。 
・人によって価値観や信念が異なるため、それらがうまくかみ合うとは限らない。
・ つくることに集中しているときには、つくったものがどのように受け入れられ
るのかを忘れがちになる。",メンバーが互いに高め合いながら成長し、個人には還元できないチームレベルの創発的な勢いに乗りながら、世界を変えるような成果を生み出す。,目指す未来や志に共感できるメンバーと互いに高め合いながら、チーム全体で 成果を生み出す。そのために、創造的になれる時間と場所を確保して、一緒にア イデアを育てていく。そして、自分たちのつくったものが世界でどのような変化 を引き起こすのかを意識しながら仕上げていく。 究極的な「創造的コラボレーション」では、「こうあるべきだという未来」を実 現する「未来への使命感」(No.1)を持って、自分たちなりの「方法のイノベーシ ョン」(No.2)を起こしながら、「伝説をつくる」(No.3)意識で取り組んでいく。 そのような「創造的コラボレーション」の秘訣が、本冊子『Collaboration Patterns』に収録されているので、それを参考にしながら自分たちのコラボレー ションに取り入れて実践するとよい。,人を動かし、世界を変えるような新しい価値を生み出すことができる。また、メンバーがプロジェクトを通して成長し、そのプロジェクトならではの方法も蓄積される。
2,,19,1,未来への使命感,未来のあるべき姿への眼差しから。,プロジェクトを立ち上げようとしている。,こういうことをやりたいというアイデアだけでプロジェクトを進めても、 本当に未来を変えることはできない。,"・自分がよいと思うものが、他の人にとってもよいものだとは限らない。 
・人の心を動かしたり行動を変えたりするようなものでなければ、世界に影響を
及ぼすことはできない。","未来のあるべき姿をイメージし、それを実現しなければという使命感をも
ってプロジェクトに取り組む。",世界はどうあるべきか、あるいは、どういうものがあればよりよくなるか、とい うことを考える。そのとき、単に今のニーズに応えるというよりも、自分たちな りの未来のヴィジョンを描くことから始める。その上で、他でもない自分たちが やるべきことはどれなのかを考え、プロジェクトの目標を定める。自分がやりた いと思うことから考えるのではなく、未来のあるべき姿をイメージして、その未 来と自分とのつながりを見出していくという方向が重要である。,単に自分がやりたいという気持ちを超えて、自分がやらなければならないという覚悟を持って取り組むことができる。さらに、未来を変えるためにいま何をすべきかが明らかになり、社会にインパクトを与えるような成果を生み出すことができる。
2,,8,2,方法のイノベーション,つくるものだけでなく、つくり方もつくる。,プロジェクトの目的をどのように実現するのかを考えている。,従来の方法を踏襲するだけでは、これまでと同じような成果しか生まれな い。,・ 最終的に評価されるのは「結果」であるため、それを生み出す「プロセス」に は目が行きにくい。 ・知らず知らずのうちに既存のものにとらわれてしまう。,成果を生み出すプロセスに着目し、新しい方法を考え、それを実践する。,自分たちが生み出したい成果をつくるための方法を、従来の方法や前例に縛られ ずに自由に発想してみる。例えば、いくつかの要素を組み合わせたり、異なる分 野の方法や仕組みを参考にしたりする。そして、プロジェクトを進める中で、そ の方法を洗練させ、自分たちなりの方法論を確立する。,従来の方法からは発想できないような新しい成果を生み出すことができる。また 方法をつくるためのコツをつかめば、新しいプロジェクトのたびに新しい方法を 生み出すことで、持続的に新しいものを生み出すことができるようになる。
2,,3,3,伝説をつくる,語り継がれるものを目指す。,プロジェクトに取り組んでいる。,プロジェクトの成果が人々の記憶に残らず、一時的な出来事で終わってし まう。,"・どのような分野や業界も、日々、次々と新しい成果が生み出されている。
・よいと評価される程度のものは世に溢れているので埋もれてしまいがちである。
・誰かの記憶に残るためには、強いインパクトが必要となる。
","世界を変えるつもりで徹底したこだわりをもって取り組み、歴史に残
るような成果を生み出す。",ただプロジェクトの成果の完成を目指すのではなく、細部までこだわり抜き徹底 的につくり込む。さらに人々の心を惹きつけて離さないような仕掛けを施し、後々 にも語り継がれるようなプロジェクトに仕上げる。,今まで誰も成し遂げられなかった成果が生み出され、これが人々の心に強いイン パクトを与え、「伝説」として後の世にも語り継がれていく。こうして、次の世 代を担い得る人たちを触発するきっかけとなり、関わったメンバー自身も「伝説」 の人となることで、次世代の人々の間のひとつのモデルとなる可能性がある。
2,,11,4,成長のスパイラル,仲間とともに高め合う。,メンバーとともにプロジェクトに取り組んでいる。,現段階でメンバーができることを基準にプロジェクトを進めてしまう と、チームで取り組むことの魅力が失われてしまう。,"・人が今後どのような成長をするのかは、現段階では不確実である。
・不確実なものに依存するのはリスクとなる。
・未知なるものへの挑戦や自分自身の成長は、さらなるやる気を生じさせる。
","他のメンバーのがんばりや成長から刺激を受けたり、自分から刺激を与え
たりして、お互いに高め合いながらプロジェクトを進める。",創造的コラボレーションでは、成果が生み出されるだけでなく、それを生み出す 過程でメンバー自身も成長する。そのため、プロジェクトの過程で他のメンバー がどのようにがんばり成長を遂げているのかを見て、自分ががんばる原動力にす る。逆に、自分のがんばりや成長が他のメンバーに刺激を与えることがあると考え、 あえてそれらを隠さないようにする。,お互いのがんばりに触発されて、チーム内に成長の上昇気流が生まれる。また、 プロジェクトが進むにつれてメンバーにできることが増えていき、プロジェクト の勢いが加速することになる。さらに、プロジェクトの他のメンバーを尊敬し合 うことにつながり、成長の面でも一体感を感じることができる。
2,,12,5,共感のチームづくり,「目指す未来」や「志」に共感できる仲間と組む。,プロジェクトに参加するメンバーを集めている。,専門性や知識・スキルの「多様性」ばかり重視してメンバーを集めると、 チームがバラバラでうまくいかなくなるリスクが生じる。,"・専門が異なれば、認識や考え方、価値観が根本的に異なる。
・ 自分の専門と異なる人と話すためには、自分の専門の特徴をよく理解した上で、
相手にわかるように話さなければならない。
・ 特定の専門性や知識・スキルが、そのプロジェクトに本当に役立つかどうかは、
実際に取り組んでみないとわからない。",「目指す未来」や「志」に共感できる人とチームを組む。,プロジェクトの目的や意義、今後のヴィジョンを語り、それに共感してくれる人 とチームを組む。プロジェクトに必要となりそうな専門性や知識・スキルを持っ ていることもよいが、あくまでも「目指す未来」や「志」に共感することを優先する。 現在の自分たちに足りない知識やスキルについては、プロジェクトを進めながら、 新しく身につけたり強化したりするとよい。,あらかじめ共有されている目標に向かって、各人がどのような「貢献の領域」(No.8) で貢献するのか、チームとしてどのようなことをしなければならないのかを、全 員で考えることができるようになる。全員がプロジェクトの目指すところに共感 して参加しているので、「自発的なコミットメント」(No.10)も生じやすい。また、 必要に応じて、足りない知識やスキルを身につけることになるので、各人の「成 長のリターン」(No.9)にもつながる。
2,,24,6,レスポンス・ラリー,小さな反応でも、次につながる力になる。,プロジェクトが動きだし、いろいろな報告や連絡、相談などがなされている。,それらの報告・連絡・相談に対して、放置したり、返答を書くのに長い時 間を要したりすると、プロジェクトの進行が滞るだけでなく、それを発信 したメンバーのモチベーションも下げてしまう。,・プロジェクトを進める上で、一人では決められないことが出てくる。 ・重要な案件であるほど、しっかりした返答を書くのには時間がかかる。 ・やるべきことが次々と増えていくときには、後回しにしたものを忘れやすい。,メンバーが投げかけたことに、どんなに小さくてもよいので反応を示す。,口頭の場合には、あいづちを打ったり意見を言ったりして、自分が理解している ことや、賛成なのか反対なのかを相手がわかるように示す。メールの場合には、 簡単な返信でよいので、すぐに返す。全体に関わるような意思決定や相談の場合 には、他の人がリプライしたからといって自分のリプライを省略したりはせず、 同意見であっても自分からの反応として返す。,反応をもらった人は次のステップに進むことができ、全体としてプロジェクトの 進行がスムーズになる。さらに、コミュニケーションが頻繁に起こることによって、 プロジェクトに活気が出てくる。軽快なコミュニケーションの連鎖は「創発的な 勢い」(No.14)を生み出すことにもつながる。
2,,6,7,一体感をつくる,みんなで一つのものをつくっているという感覚を。,プロジェクトが動きだし、メンバーがそれぞれの作業に取り組んでいる。,個々の作業をバラバラにやっているだけでは、徐々に意識のズレが生じて 気持ちが離れていってしまう。,・ コラボレーションは、分業の組み合わせではなく、チーム全体の創造行為である。 ・自分の作業に専念するほど、他の人の活動や結果に意識がいかなくなる。 ・グループごとのまとまりが強くなると、他のグループとの間に壁ができる。,個々の作業のほかに、全員で同じ体験を共有できるような工夫をする。,例えば、全体で集まる時間をとったり、ご飯を一緒に食べたりする。みんなで作 業をしているときに、音楽をかけるだけでも雰囲気は変わってくる。あるいは、 そのチームらしさを象徴するようなアイテムをつくってみたり、チームのメンバ ーだけがわかる内輪の話や決まり事をつくってみたりするという手もある。,メンバー同士の意識がそろいやすくなり、みんなで一つのものをつくっていると いう気持ちが持てるようになる。一体感を持てるようになると個々の作業をして いるときにも孤独を感じることはなくなり、安心して創造的な活動に取り組むこ とができるようになる。また「、成長のスパイラル」(No.4) や「創発的な勢い」(No.14) も起きやすくなる。
2,,21,8,貢献の領域,自分をどこで活かせるのかを考える。,プロジェクトが始まり、これからやることがある程度具体的に見えてきた。,プロジェクトにただ漠然と参加しているだけでは、しっかりと貢献する機 会を得にくく、次第にモチベーションも低下してしまう。,・自分以外の人の得意なことは、聞いたり見たりするまで分からない。 ・ 割り当てられた仕事が、自分の得意な領域や、やりたいことであるとは限らない。 ・やりたくないことや不得意なことに対しては、モチベーションを維持しにくい。,自分の知識やスキルをプロジェクトにどう活かせるのかを、自ら考える。,自分の知識やスキルを活かせる領域を考え、チームのメンバーに伝える。そして、 その領域で積極的に行動し、貢献する。また、それほど経験がないことでも興味 がある領域に関わることで、スキルアップにつなげるのもよい。,自分の「貢献の領域」が他のメンバーにも明らかになる。また、自分が選んだこ となので、モチベーションも高く持つことができる。さらに、お互いの貢献が組 合わさることで、チームを組んで取り組んでいることの意義も実感することにな る。実際に自分がプロジェクトに貢献できているという実感を得れば、プロジェ クトへのやる気はさらに高まる。
2,,19,9,成長のリターン,プロジェクトを通じて、どう成長したいのだろう？,プロジェクトが始まり、これからやることがある程度具体的に見えてきた。,プロジェクトに貢献するという意識だけでは、中長期的に見たときにモチ ベーションを維持できなくなる。,・貢献する気持ちを、いつも強く持ち続けることはできない。 ・自分がやる意義を感じられないものに、一生懸命取り組むことは難しい。,"自分がプロジェクトに参加する意義や、プロジェクトの経験から得たい学
びを明確にする。",例えば、プロジェクトを通して自分の可能性をいかに広げられるのかを、経験の 蓄積、スキルアップ、人との出会いなど、さまざまな視点から考えてみる。お互 いのリターンについて理解し合うために、メンバー同士で語り合う機会を設ける とよい。,参加する意義を明確にし、意識することで、プロジェクトの活動における自分の 成長に気づきやすくなり、モチベーションを持ち続けることにもつながる。さらに、 実際にプロジェクトを通して成長することで、自分の「貢献の領域」(No.8)を広 げることができる。プロジェクトから自分へ、自分からプロジェクトへ、という 好循環が起きる。
2,,21,10,自発的なコミットメント,プロジェクトはひとりひとりの行動でできている。,プロジェクトが進行している。,与えられた仕事だけをするという受け身の状態に陥ってしまう。,・ 自分が関わらなくても物事が進んでいくときには、自分は何もしなくてよいと 思ってしまう。 ・ 与えられたことをこなすのは、考えるべき範囲が少なくて済むので楽に感じる。 ・ いま何が起きているのか、そして、何を目指していくのかを把握しないと、何 をすべきかわからない。,「プロジェクトが自分（たち）のものである」という意識を持って、主体的 に取り組む。,プロジェクトは、それを構成するメンバーが動かなければ進まない。もしいま進 んでいるとしたら、それは誰か他のメンバーが動いているということを意味して いる。それに頼ることなく、プロジェクトでいま何をすべきかを考え、積極的に 行動することが大切だ。何をしてよいのかわからない場合には、「いま何をすれば よいのか」をメンバーに聞くことも、一種のコミットメントだと捉えてよい。た だし、「何かあれば、いつでも言ってください」というのは受け身の状態に過ぎな いので、そのときどきのやるべきことを自らつかみにいく姿勢が重要である。自 分の「貢献の領域」(No.8)を決めて貢献するのもよいし、「臨機応変な動き」(No.22) で貢献するのもよい。,自分の行動がプロジェクトを動かしているという意識が持て、より意欲的に取り 組むことができる。このような「自発的なコミットメント」を行うメンバーで構 成されるチームは、お互いに刺激し合い、活気がでてくる。そして、お互いに高 め合うことで「成長のスパイラル」(No.4)が実現する。
2,,20,11,ゆるやかなつながり,"それとなく仲間の状況を知ることで、
いつもどこかで通じ合う。",プロジェクトの時間外では、メンバー同士であまり関わり合いがない。,定期的な集まりだけではメンバー間の距離が縮まらず、毎回よそよそしい 雰囲気でプロジェクトを始めることになる。,・限られた時間では、人との距離を縮めることは難しい。 ・距離感があると、会話が生まれにくい。,"プロジェクトで集まる時間以外でもゆるやかなつながりを持ち、それとな
く他のメンバーの状況を知ることができる工夫をする。",連続性のあるコミュニケーションをとるようにするため、プロジェクトで集まる 時間以外もメンバーとシンクロできるような工夫をする。例えば、SNS(ソーシ ャル・ネットワーキング・サービス)を使って、お互いの状況をそれとなく知る ことができるようにしたり、一緒に食事していろいろな話をする機会を設けたり する。,お互いの状況をそれとなく知っている段階からプロジェクトに臨むことができる ため、話し合いの出だしがスムーズになる。常にゆるやかにつながることで親近 感がわき、メンバー同士の距離を縮めるきっかけになる。また、プロジェクトの 集まりだけでは知ることができない横顔に触れることで、メンバーのことをさら に深く知ることができる。
2,,10,12,弱さの共有,一人ひとりの弱さは、チームの強さに変わる。,プロジェクトを進めていく上で、悩みや不安、問題を抱えている。,悩みや不安、問題をひとりで抱え込んでしまい、作業が滞ってプロジェク ト全体の進行に影響を及ぼしてしまう。,・悩みや不安、問題を抱えているときには、創造的な発想は生まれにくい。 ・ある人が抱えている悩みや不安、問題は、他の人からはわからない。 ・ 作業が滞ってしまいプロジェクトに影響が出ると、ますますネガティブな気持 ちに陥ってしまう。,"プロジェクトに関することでも、それ以外のことでも、抱えている悩み・
不安・問題をチームのメンバーと共有する。",小さなことでも話を聞いてもらったり、具体的なアドバイスをもらったりする。 現在進行形で困っていることでも、これから起こりそうなことの心配でも、自分 だけで抱え込まずにメンバーと共有する。プロジェクトの活動の場ではなかなか 言い出しづらいかもしれないので、行き帰りやご飯を食べる機会など、何気ない ときに、話を切り出してみるとよいだろう。,悩みや不安、問題などの「弱み」を共有することで、自分では考えつかなかった 解決策が得られたり、悩みや不安が解消されることがある。また、他のメンバー が自分の状況を知ることができ、「臨機応変な動き」(No.22)につながるかもしれ ない。コラボレーションにおいては、ひとりで物事に取り組んでいるのではなく、 チームとして動いていることを忘れずにいるとよい。ひとりの「弱さ」はチーム の「強さ」に変えることができるのである。
2,,9,13,感謝のことば,「ありがとう」の気持ちを伝える。,プロジェクトを進めている。,今ある状況を当たり前に感じてしまい、他の人の努力や気遣いに気づかな い。,・ 自分が見ていないところでの他の人の努力や気遣いには気づきにくい。 ・ 自分の作業に集中するほど、自分がやっていること以外は見えなくなる。 ・ 当たり前になってしまったことを意識するのは難しい。,"周りの人との関係や今ある環境を見つめ直し、他の人のサポートに対して
感謝の気持ちを表す。","今ある環境が誰のおかげで成り立っているかを考え、そのありがたさを再確認す る。そして「ありがとう」という気持ちを「ことば」で伝える。ただし、決まり 文句のように表面的で形式的な「感謝のことば」では、本当の気持ちは伝わらない。 そうではなく、心から感謝を感じたときに、その度ごとの気持ちをことばにする のがよい。心からの「感謝のことば」は、出し惜しみせずに伝えるようにしよう。
",よい雰囲気の中でプロジェクトを進めることができる。さらに、お互いの感謝が 感じられるようになり、それぞれのメンバーがプロジェクトに貢献できていると 実感でき、さらなる「自発的なコミットメント」(No.10) につながっていく。
2,,11,14,創発的な勢い,"一人ひとりに還元できない
チームだからこそ生まれる勢いに乗る。",メンバーとともに新しいアイデアを考えている。,いいアイデアが生まれず、場の空気も停滞してしまう。,・ 自分の意見に自信が持てないと、発言するのに勇気がいる。 ・ ひとつの内容をずっと考えていると、思考は凝り固まってしま う。 ・ 真面目な雰囲気の中で、些細なアイデアを提案するのは気が引けてしまう。,"どんなことでも言いやすい雰囲気をつくり、創造的な発想の連鎖を引き起
こす。","誰かがアイデアを言ったときには、他の要素を組み合わせ、新たなアイデアを つくってみる。こうした発想の連鎖を繰り返していくと、個々のメンバーには還 元できないチームレベルの勢いが生まれ、それがチームの想像力や創造力を誘発 する。このような勢いを生じさせるためには、「まとまった時間」(No.15) や「創 造の場づくり」(No.16) が不可欠となる。また、普段から「ゆるやかなつながり」 (No.11) を持つことで、メンバーひとりひとりが自由に発言できる関係をつくるこ とができる。
",発想の連鎖によって、ひとりでは思いつかないような斬新なアイデアや、それを さらに魅力的にするような意見が次々と出され、チームとしての創造性が実現さ れる。また、この勢いが、チームのダイナミックな「一体感をつくる」(No.7)こ とにつながる。
2,,18,15,まとまった時間,プロジェクトにどっぷり浸かれる時間を確保する。,プロジェクトの活動の計画を立てている。,みんなで集まる時間を細切れに設定してしまうと、短い時間のなかででき るようなレベルの成果でよいという妥協が生じてしまう。,・ ある時間内にできることは限られている。 ・ 何がどのくらいできるかという予想は、どれだけの時間をかけられるのかによ って制限される。 ・予定された時間のあとには、メンバーはそれぞれ予定が入る可能性がある。,目指すクオリティに達するまで作業ができるように、まとまった時間をとる。,全員のスケジュールを共有し、各メンバーで日程を調整して、プロジェクトを最 優先にする時間をとる。また、作業が思いのほか長引いたり、話し合いが波に乗 った場合にそのまま続けられるように、その後の予定も空けておく。,プロジェクトの作業に集中できる時間ができ、一続きの作業をみんなで行うこと ができる。長時間の「まとまった時間」のなかで「創発的な勢い」(No.14) をつく ることができれば、プロジェクトが飛躍的に前進する可能性が生まれる。さらに 長時間一緒に作業することにより、チームの「一体感をつくる」(No.7)ことにも つながる。
2,,1,16,創造の場づくり,ワクワクする空間を自分たちでつくる。,プロジェクトの活動場所について考えている。,自分たちにとって創造的な活動がしやすい場所はなかなか見つからない。,・創造的なアイデアは、開放的で自由な雰囲気の中で生まれやすい。 ・フォーマルな空間では、インフォーマルな発言は出にくい。 ・何が活動のしやすさにつながるのかは、プロジェクトや人によって異なる。,楽しくのびのびと創造的な活動ができる空間を、自分たちでつくる。,まず、プロジェクトの活動の場には、メンバーで輪になって話しあえるテーブル や、アイデアを書いたり情報を整理したりするためのホワイトボードがあるとよ い。それに加えて、自由にのびのびと活動できる工夫や、活動が楽しくなる遊び 心を加えてみる。例えば、壁一面をすべてホワイトボードにすると、一般的なサ イズのものに比べて、誰でも思いきり書くことができ、自由にどこまでも発想を 広げてよいという印象を生み出すことができる。また、ブレインストーミングな どで付箋を使うときには、カラフルな色を混ぜて使ったり、面白いかたちのもの を使ったりすると、見た目が華やかになり、楽しい雰囲気になる。,魅力的な空間がメンバーのやる気と創造性を刺激し、「創発的な勢い」(No.14)が 生じやすくなる。また、場づくりにどのような工夫をするのかを一緒に考え、実 践することで「一体感をつくる」(No.7)ことにつながる。他のメンバーへのサプ ライズとして「飛躍のための仕込み」(No.23)をして盛り上げるというのもよい。
2,,20,17,活動の足あと,自分たちの活動の軌跡を残す。,プロジェクトにおける情報共有の仕組みを考えている。,作業の進捗情報を共有するだけでは、他のメンバーがやっていることをき ちんと理解することはできない。,・いま取り組んでいることの意味や意義は、それまでの経緯に依存している。 ・自分の作業に集中するほど、自分がやっていること以外は見えなくなる。 ・ 途中段階の成果や記録が担当した人の手元にしかないと、他の人は必要なとき に参照できない。,それぞれの作業の成果や記録をメンバー全員で共有し、誰でも必要なときに時系列でたどり直せる仕組みをつくる。,例えば、担当別のメーリングリストはつくらず、メンバー全員が入ったメーリン グリスト上で、途中段階の成果や記録を共有し、やりとりも残るようにしておく。 そうすることで、そのときは必要でない情報であっても、各自がいつでも過去の 経緯を見直すことができるようになる。また、手描きのスケッチなどは、活動場 所の壁に貼っていくようにするとよい。新しいバージョンができたときには、貼 り替えずに重ねて貼っていくと、以前のバージョンを参照したり変化をみたりす ることができるようになる。,別々の作業をしていても、他のメンバーが何をしているのか/してきたのかを把 握できるようになる。特に、「臨機応変な動き」(No.22) によって他のメンバーを 手伝うときには、これまでの経緯を把握するための重要な仕組みとなる。また、 なんとなく横目でみていた他のチームの成果ややりとりが、後に自分の発想につ ながることもあるし、プロジェクトの「全体」を感じることにもつながる。
2,,24,18,意味のある混沌,"何をどうすればよいのがわからない状況。
その状況こそ、まったく新しい道が開くチャンスである。",プロジェクトを進めているときに、行き詰まって停滞してしまっている。,計画性や効率性を重視するあまり、早くその状態から抜け出そうと妥協し てしまう。,・ 不安定で不透明な状況は、居心地が悪い。 ・ 刻々と時間は過ぎていき、目標のデッドラインが近づいてくる。 ・ すぐに思いつくようなアイデアを採用するのは容易いが、それでは大きな飛躍 は起きない。,行き詰まって混沌とした状態を、新しい道が開けるチャンスだと捉え、そこにとどまって考え抜く。,そのとき、すぐにアイデアや意見が出ずに、気まずい沈黙が続くことがある。し かし、それは全員が深く考え込むために不可欠な沈黙なので、無駄な時間だと決 めつけて切り上げないようにする。本当に新しいことに取り組んでいる場合には、 自分たちが考えたことや、やっていることの意味自体も、新しくつくる必要がある。 そのために一緒に悩む時間をとることが重要なのである。,自分たちが取り組んできたことの新しい意味づけや、新しいアイデア、新しい方 法が生まれる。そうなると、いままで停滞していた状況から一段上のステージに 上がり、一気にプロジェクトが動き始めるだろう。そうした中で発想の連鎖が巻 き起こり、「創発的な勢い」(No.14)が生まれやすくなる。この段階で、再度「ゴ ールへの道のり」(No.21) を考え直すとよい。
2,,5,19,アイデアをカタチに,突飛なアイデアほど、説明されても実感できない。,メンバーに共有したいアイデアがある。,アイデアが革新的であればあるほど、一生懸命説明しても他のメンバーに 理解してもらえない。,・頭の中に思い描いているイメージは、他の人からは見ることができない。 ・これまでに存在しないものをイメージすることは難しい。 ・ことばで表現できることには限りがある。,アイデアを目に見えるカタチにし、それを見せながら説明する。,頭の中のアイデアを実際にカタチにしてみる。ラフなスケッチや大雑把なプロト タイプで構わないので、他の人の目にも見えるようにする。「アイデアをカタチに」 する段階で、曖昧になっていた部分を具体化する。,自分の中にあったアイデアを他のメンバーと共有することができ、チームのアイ デアへと変えることができる。カタチにしたアイデアは「飛躍のための仕込み」 (No.23)になり、メンバーに新しい発想やアイデアを生み出すきっかけになるこ とがある。また、「アイデアをカタチに」すると、「インサイド・イノベーター」(No.20) として周りを巻き込みやすくなる。
2,,5,20,インサイド・イノベーター,"本当に新しいことは理解されない。
まずはメンバーを巻き込み、先導することから。",とてもよいと思うアイデアを思いつき、他のメンバーと共有したが、理解 や共感をあまり得られなかった。,そのアイデアがもつ可能性すら模索されずに消えてしまう。,・ 斬新なアイデアほど、理解されにくい。 ・ そのアイデアが本当に成功するかは、事前には誰にもわからない。 ・ 他の人から理解されないと、自信がなくなる。,よいと思うアイデアを、まずは自分だけでもよいから育て、徐々に理解や共感をしてくれるメンバー増やし、巻き込みながら進めていく。,ひとりでできることから取り組んでいき、自らそのアイデアの可能性をより確か なものに変えていく。その過程でわかったこと、例えば、それがどのようなアイ デアであり、なぜ重要なのかということを、周りの人に語っていく。理解や共感 をしてくれる人がでてきたら、その人と一緒にアイデアを育て、さらなる理解者・ 共感者を増やしていく。,そのアイデアによって、成果やプロセスに大きな革新が起きる可能性がある。また、 そのアイデアそのものが残らなかったとしても、それが刺激となって、他のメン バーの新しい視点や発想を生むきっかけになることがある。
2,,19,21,ゴールへの道のり,"目指すゴールへと確実に辿り着くために、
どうやって進むのかを確認する。",プロジェクトが進み、目の前の作業に集中している。,ゴールにたどり着くことができないペースでプロジェクトを進めてしまう。,・ 目の前の作業に集中するほど、他のことが意識できなくなる。 ・ 自分たちの近い将来の苦難を想像することは、心理的に避けてしまう。 ・ 時間は有限である。,メンバー全員で今後の流れを把握し、ゴールから逆算しながらマイルストーンを設定する。,全体の状況を踏まえて、ゴールから逆算し、いつまでに何ができていないといけ ないのかを確認する。そして、今後何をすべきなのかを定期的に把握する。それ を実現するためにどのようなスケジュールで取り組んでいくのかをみんなで決め る。このとき、創造に不可欠な「意味のある混沌」(No.18)の時間や、クオリテ ィ上げのために「一度こわす」(No.27)時間も考慮にいれることが重要となる。,日々の作業ごとに達成すべき目標が明確になり、集中して作業に取り組むことに つながる。また、プロジェクト全体と今後のことがわかるようになるので、「臨機 応変な動き」(No.22)がしやすくなる。
2,,17,22,臨機応変な動き,状況に応じて、役割の垣根を越える。,プロジェクトが進行していくなかで、当初は予想しなかった問題やタスク が生じている。,その問題やタスクに誰も取り組まず、放置されたままになってしまう。,・ 自分の役割に集中してしまうと、他のことに気づきにくくなる。 ・ 無意識のうちに他人まかせになってしまう。 ・ 役割以外のことをやらなくても、責任は問われない。,プロジェクト全体の進行と個々のメンバーの状況をみて、いま自分が何をすべきかを考え、臨機応変に動く。,一歩引いて、プロジェクト全体を俯瞰してみる。誰が何に取り組み、どこに取り こぼしや追加の問題・タスクがあるのかを把握する。そして、重要度から判断して、 それらに取り組んでいく。このときは、以前に決めた「貢献の領域」(No.8)や役 割・担当にとらわれずに、できる人ができることをするという意識で積極的に動く。 今まで自分が関わってこなかった領域であれば、「活動の足あと」(No.17)をたど り直して、これまでの経緯を理解しながら取り組む。,想定していなかった問題や状況にも迅速に対応し、プロジェクトを進めることが できる。また、プロジェクトの進行とメンバーの状況にアンテナをはっておくこ とで、起こりうるトラブルを未然に防ぐこともできるようになる。自分で選んだ「貢 献の領域」(No.8)の外で貢献することで、今後の自分の「貢献の領域」(No.8) を 広げることにもつながる。
2,,5,23,飛躍のための仕込み,"プロジェクトを盛り上げる起爆剤を用意して、
一気に加速・飛躍させる。",プロジェクトが進み、日々の作業をこなしている。,チームの雰囲気が停滞し、新たな発想が生まれない。,・自分の作業に専念するほど、他のことが見えなくなる。 ・時間に追われているときには、他のことをする余裕がなくなる。,メンバーの気持ちが高まり、みんなが盛り上がるような仕掛けを準備し、実行する。,メンバーの新しい発想やアイデアを引き起こすようなものをプロジェクトに持ち 込んでみる。例えば、魅力的な本や映像を持ち込んで、メンバーの想像力を刺激 してみる。あるいは、いつもと違う雰囲気にするために、ちょっとした遊び心を 取り入れてみる。例えば、みんなが喜ぶようなお菓子の差し入れをしてみたり、 メンバーが盛り上がるような音楽をかけてみたりする。,プロジェクトの場が、より楽しく自由で創造的な雰囲気になる。そのことが、「創 発的な勢い」(No.14) を生み出すことにつながっていく。また、そのような共有体 験がチームの「一体感をつくる」(No.7)ことにもなる。みんなの反応を想像しな がら仕込みをすることは、準備をしている側にとっても楽しいものだ。
2,,9,24,世界を変える力,"いまつくっている成果は、
本当に「世界を変える力」をもっているだろうか？",プロジェクトの成果がカタチになりつつあり、そのつくり込みを行なって いる。,成果のつくり込みの詰めが甘いと、プロジェクトが目指す未来を実現する ことはできない。,・終わりが見え始めると、完成することが目的になってしまいがちである。 ・外部からの目がないと、自分たちの現状に疑問を持てない。 ・クオリティは数値で測れるものではない。,いまの成果が本当に「世界を変える力」を持っているのかを問い続ける。,ターゲットとなる人たちがその成果にどのように出会い、どのような印象をもち、 どのように使うのかを具体的に想像する。その上で、成果を本当に使ってくれる のか、そして、使い続けてくれるとしたらそれはなぜなのかを考える。もし「世 界を変える力」を持っていないとしたら、どうしたらその力を持たせることがで きるかを考える。すでに力を持っているならば、それを強化するためにはどうす ればよいか考える。,その成果が世界を変えるカギはどこなのかが明確になる。それによって、プロジ ェクトに取り組む意義もより明確になるため、最後まで徹底したクオリティ上げ をすることを後押しする。
2,,19,25,クオリティ・ライン,"目指すクオリティの高さを
何度も何度も確認する。",高い成果を求めて、つくり込みをしている。,各自が「よい」ものをつくりたいと思っていても、そこそこのクオリティ になってしまう。,・人によって、「よい」と思うレベルは異なる。 ・一度カタチになると、満足してしまう。 ・明確でなく、目に見えないものをメンバー間で共有することは難しい。,目指すクオリティを高いレベルに掲げ、それと現状との差異を全員で何度も確認する。,高いクオリティは、現状との差異で「まだ足りない」という感覚からのみ感じる ことができる。プロジェクトのメンバーと、ことあるごとに自分たちが目指して いる「クオリティ・ライン」が相当に高いということ、そして「現状では、圧倒 的に足りない・遠い」ということを確認しあうことが大切だ。そのような機会を 何度も設けよう。,プロジェクトのメンバー全員で、現状に満足することなく、さらにクオリティを 上げ続けることができる。そのような飽くなきクオリティ上げ以外に、近道はない。 このように高いクオリティのものをつくることによって、「世界を変える」(No.24) ことや「伝説をつくる」(No.3)ことにつながる。
2,,11,26,こだわり合う,少しでもよくするために、本気でぶつかり合う。,ある程度納得できるアイデアや意見が出てきた。,多少違和感を感じたり代案があったりしても、それらの意見は出しにくく なる。,・ これまでの努力・苦労を台無しにすることは、心理的に難しい。 ・ 意見を言うことが、相手への批判と捉えられてしまうことがある。 ・ 何も言わない方が、プロジェクトが滞らずに進むように感じる。,よりよい成果を生み出すために、本気で意見をぶつけ、話し合う。,自分の意見を出すときには、よりよい成果を出すためだと思って、どうして自分 がそう考えるのかを、相手に誠意が伝わるように話す。代案が思い浮かばなくても、 違和感があることだけはまず伝え、他のメンバーも巻き込みながら一緒に考えて いく。逆に、自分が納得できない意見が出ても否定せず、さらに掘り下げて聞い てみる。メンバー同士のぶつかり合いではなく、アイデアや意見のぶつかり合い であることを意識するとよい。,それぞれののアイデア・意見の良い点・悪い点が明確になる。それが、ときには、 そもそもの前提から「一度こわす」(No.27)につながったり、まったく新しいア イデアが生まれる可能性もある。細部までこだわり抜くことによって、徐々に高 い「クオリティ・ライン」(No.25)に近づいていく。
2,,7,27,一度こわす,思い切ってこわして、つくり直す。,やってきたことが、とりあえずカタチになった。,つくっているものが自分たちの目指すクオリティに達していないと気づい ても、手直し程度で済ませてしまう。,・これまでの努力・苦労を台無しにすることは、心理的に難しい。 ・どこをどうすればクオリティが上がるのかは、明確ではない。 ・時間は有限である。,カタチになったものを思い切って壊して、つくり直す。,成果を見る人は、これまでの経緯や苦労を知らずに、成果そのものを見る。だか らこそ、成果だけを見ていまいちであることがわかったら、つくり直す必要がある。 「つくり直す」といっても、まったくの白紙に戻るわけではなく、一度つくった経 験を活かすことができる。どのようなプロジェクトでも一回から数回のつくり直 しが発生するものだ。つくり直しの作業は、「活動の足あと」(No.17)を活用し、 どこまで戻ればよいかを考え、「ゴールへの道のり」(No.21)を再確認してから始 めよう。,そうやってつくり直したものは、高い「クオリティ・ライン」(No.25)にぐんと 近づき、「世界を変える」(No.24)ものになる可能性が高まる。一度カタチになっ たものを見ているので、つくったものが受け手からどのように見られるのかを強 く意識できるようになるからである。
2,,8,28,期待を超える,「いいね」の上をいく。,やってきたことがひとまずカタチになった。,つくった成果に対して、受け手から「いいね」という当たり障りのない評 価しか得られない。,・人の興味範囲は様々であり、共感を得るのは難しい。 ・時間と労力をかけてつくったものは、つくった本人には実際よりもよく見えて しまう。 ・事前に想定していたのと同じようなものには、驚きや感動は生まれにくい。,受け手が想像していると思うものを想像し、それを超えるように成果を育てていく。,成果がどのような種類で、類似のものがどのようなものかによって、受け手が期 待するものを大方想像することができる。その期待を想像した上で、それを超え るようなつくり込みを行う。ただし、受け手の期待を超えること自体が目的とな ってはならない。あくまでも、自分たちがどのようなものを生み出したいかとい うことからスタートし、それが期待をどう超えるのかを考える。,受け手が驚き、興味をもつような成果に仕上げることができる。また、受け手の 期待を想定することで、「世界を変える力」(No.24)を持たせることや、「ファン をつくる」(No.29)ためのつくり込みがしやすくなる。
2,,4,29,ファンをつくる,つくったものの世界観に魅了される人たちを想う。,やってきたことが、とりあえずカタチになった。,自信をもってつくったが、世の中にはなかなか広まっていかない。,・機能的に十分で、クオリティが高いからといって、人気が出るとは限らない。 ・つくったものの魅力を、つくった本人が語っても、説得力がない。 ・人は自分が自分が魅了されたものでなければ、他の人に伝えようと思えない。,ワクワクしてくれる「ファン」をつくるつもりで、つくったものの世界観を磨き上げる。,人に愛されるものをつくりたければ、まずは自分が愛情を注げるものにしなくて はならない。そのために、「ファン」がワクワクしている姿を想像しながら、信念・ 哲学をもって細部までこだわり抜く。,プロジェクトの成果や、それを生み出したプロジェクトへのサポーターや協力者 が現れ、成果やプロジェクトを周囲に魅力的に語ってくれるようになる。それが「伝 説をつくる」(No.3)ことにつながっていく。さらに、プロジェクトのメンバーに、 「ファン」の期待に応えつつ、その「期待を超える」(No.28)気持ちが芽生え、次 の創造的コラボレーションへのモチベーションにもつながる。
2,,3,30,広がりの戦略,ひとつでたくさん、チャンスにつなげる,プロジェクトの成果の活かし方を考えている。,当初目指していた成果や目標の実現しか見ていないと、展開のチャンスを 逃してしまう。,・ 目標の達成に夢中になっていると、達成した後のことまで意識を回しにくい。 ・その後の展開は未知数であるので、自然の成り行きや偶然に頼ってしまいがち である。 ・チャンスは、ただ漠然と待っていてもやって来ない。,目指していた成果だけでなく、さらなる展開を考え、多面的にアプローチしていく。,自分たちの成果が、目指していたのとは別の分野で活用ができないかを考え、そ れを実行するチャンスを模索する。例えば、プロジェクトの魅せ方を変えてアピ ールしたり、ターゲットの層を広げてみて狙い方を変えてみたりする。一つの成 果だけで終わらせるのではなく、「一石三鳥」を狙うくらいのつもりで、広がりを 持たせる。,自分たちのプロジェクトが多方面に広まることで、次々と新たなチャンスに出会 える可能性が高くなる。しかも、それをあらかじめ狙っておくことで、スピーデ ィーな展開が期待できる。また、プロジェクトの途中段階から考え始めた場合には、 最終段階のつくり込みでのモチベーションを高めることにつながる。
2,,21,31,世界の文脈,世界の流れを知らずして、新たな価値は生み出せない。,創造的コラボレーションに継続して取り組みたい。,自分たちのやりたいことや成果を主張しているだけでは、世界で本当に受 け入れられるものを生み出すことはできない。,・素晴らしいものが全て、世の中で必要とされているとは限らない。 ・ 生み出すものの意義は、これまでに成されてきたこととの関係性のなかで決ま ってくる。,世界の文脈を踏まえて、自分たちの取り組んでいる／取り組むことにどのような意義・価値があるのかを考える。,ここで世界の文脈(コンテクスト)といっているのは、世界全体の流れや、自分 たちが取り組んでいる分野の歴史と動向のことである。文献を調べたり、関係者 の話を聞いたりして、自分を取り巻く文脈を理解する。そして、それを踏まえて、 現在ないしは将来に、どのようなもの・ことが必要とされるのかを想像し、自分 たちの取り組んでいること・つくっているものに対する意味や価値を考え続ける。,自分たちの取り組みが、より広い視野に位置づけられ、世界に受け入れやすく効 果的なものになっていく。それでこそ、「未来への使命感」(No.1)をもったプロ ジェクトが「世界を変える」(No.24)ことつながるのである。また、プロジェク トや成果について語るときに、背景と位置づけを踏まえて、さらに魅力的に語る ことができるようになる。
2,,24,32,つくり続ける強さ,心も身体もタフになる。,創造的コラボレーションに継続に取り組みたい。,精神力や体力の限界から、途中で妥協したり、続けられなくなったりして しまう。,・ 創造行為には、集中力・ねばり強さなどの精神力や、体力が求められる。 ・コラボレーションは複数人で取り組むものなので、自分のリズムで休むことが できない。 ・ 追い込みの時期はたいてい、身体を休める時間を十分に取ることができない。,コラボレーションの基礎体力を上げるために、日々、資本となる心と身体を鍛える。,例えば、日頃からランニングをして体を鍛え、長時間走り続けることへの耐性を つける。登山のように、常に自分の体力・精神力をともにコントロールする必要 があるものも、効果的である。また、鍛錬だけでなく、健康を保つためのベース となる食生活や睡眠にも、日頃から気を配る。,創造的コラボレーションに、集中力をもって、妥協せずに、しっかり取り組むこ とができるようになる。また、土壇場に追い込まれたときでも、最大限のパフォ ーマンスを発揮できる。これらの鍛錬も、少し続けてみるとそれ自体が楽しみに なり、継続することができるようになる。
2,,8,33,感性を磨く,豊かで深みのあるクオリティを感じ、味わう。,創造的コラボレーションに継続的に取り組みたい。,同じ分野においてすでに誰かが成し遂げていることを意識するばかりでは、 独自性が生まれにくい。,・ 専門分野を深く掘り下げれば、新しいものを生み出せると思いがちである。 ・ 同じ分野のことだけを注視していると、生まれてくる発想に限界がある。 ・ すでにあるものを目標にすると、知らず知らずのうちに、それにとらわれてし まう。,良質なものを見たり感じたりすることで、感性を磨く。,優れた芸術や自然がもつ、豊かで深みのあるクオリティを心と身体で受け止める。 このような感覚を味わうこと、そのような時間を過ごすことは、何事にも代え難 い経験となる。自分に馴染みのない分野・ジャンルを知りたい場合には、チーム のメンバーや身近な人に紹介してもらうというのもよい。目標に向かって突き進 んでいるときとは異なるモードで、じっくりと味わおう。,高いクオリティというものを、感覚的につかむことができるようになる。これが、 さらなる創造的コラボレーションの糧となる。
4,,2,1,企画の哲学,「かっこよくて、儲かって、意義のあるもの」 そういう自分なりの基準をもつ。,企画者として価値を生み出す仕事に就いている。,条件や制約が異なる多くの案件に取り組んでいるうちに、企画に自分らしさがなくなって しまうことがある。,企画にはひとつひとつに異なる条件・制約があり、担当した企画がたま たまヒットすることもある。ある程度の高い確率で安定した質を提供できるようになったとし ても、常に高いクオリティを保ち、かつその人らしさが感じられるようなものをつくり続けるこ とは難しい。そうなると、自分に企画を頼む意味が失われてしまう。,自 分 の つ く る 企 画 が 満 た す べ き 基 準 を 持 ち 、す べ て の 企 画 に お い て そ の 軸 に 沿 っ て 考 え、つくり込む。,企画とはこうあるべきであると感じる、自分にとっての本質的な要素をしっ かりと定め、企画を判断する際の哲学としていく。例えば、「かっこよくて、儲かって、意義の あるもの」というような3つの軸を掲げ、それらを満たすように、粘り強く企画を構築する。何 を哲学とするのかは人によって異なるので、自分の強みや個性、成功の経験などを踏まえ て形づくるとよい。,自分が良いと信じる価値を持った企画を安定して世の中に提供できるようになる。企画者 としてのアイデンティティが確立され、自分が手がけたものには自分の世界観が反映され る。自分の企画の哲学を達成し続けることで、他の企画者には真似のできない価値を提 供でき、その人らしさを確立した企画者となる。こうして、自分がやりたいと思う仕事が舞い 込んでくるようになる。
4,,10,2,買ってみる,身銭を切って買い手になることで 初めて見えてくることがある。,自分たちが提供するサービスの受け手が、 どのような要 望をもつのかを知りたいと思っている。,サービスの受け手が実際に感じる気持ちや問題をつかめていないにもかかわらず、企画 者 目 線 で「 お 客 様 像 」を つ く っ て し ま い 、わ か っ た つ も り に な っ て し ま う こ と が あ る 。,サ ー ビ スの受け手が感じていることを企画者側からイメージするのは難しい。どのようなサービス を望んでいるのかを調査することもできるが、本人たちもはっきりとした答えを持ち合わせて いない場合もある。また何か回答が得られた場合にも、それがどのような状況から生まれる のかという背景・認識まで捉えることは容易ではない。こうして、真に解決すべき問題を見 過ごしてしまいがちである。,サービスの受け手と同様に、自分のお金を払ってサービスを実際に受け、ユーザーの視 点や気持ち、不満や課題を自らの経験として感じ取る。,使う側の心情を、調査や想像だ けで済ませてしまうのではなく、実際にサービスを体験し、顧客が何を不満に思うのか、そ の不満がどの程度のものなのかを身をもって感じ取る。例えば、ホテルについて知りたい のであれば、宿泊客として実際に自分でお金を払って泊まることで、リアルな感覚を得るこ とができる。,サービスの受け手として感じる心情から、サービスの課題や可能性をつかみ、企画に反映 す る こ と で 、質 の 高 い サ ー ビ ス を 提 供 で き る 。こ の 経 験 を 繰 り 返 し 、受 け 手 側 の 感 覚 を 意 識的に重ねていくと、ユーザーとしての感覚を蓄積でき、企画に反映させる力が高まってい く。もちろん、自分が感じたことだけに頼るのではなく、他のユーザーの声に真摯に向き合うことも大切である。
4,,7,3,直に仕入れる,現場でしか得られない情報がある。,新しい企画を立てるために、情報を集めている。,誰かが提供している二次情報のみで考えようとすると、偏った視点・情報のまま判断を下 してしまう恐れがある。,人から聞いた話やインターネットで調べた情報は、事実の一部を誰 かが解釈して切り取ったものである。その情報をまとめた人は、自分の企画に必要な観点 で現場を見ているわけではないため、自分にとって必要な情報がすべてまとめられているこ とはない。このように、二次情報を情報源にすると、企画に必要な情報を落としてしまうこ とがある。,現場に足を運んで、そこで得た一次情報をもとに考える。,現場に行って、そこでしか得られ ない情報を自分で手に入れ、それを元に企画を考える。一度だけでなく繰り返し現場に足 を運ぶなかで、その地域の人と顔なじみになったり、地域の特色を聞いたりと、自分しか得 られない生の情報を得るように努力する。,現場周辺の環境や雰囲気、そこで生活している人たちの考え方や言動など、ネットや雑誌 にはない、自分で手に入れたリアルで詳細な情報をもとに企画を考えることができる。自分 だけの一次情報を得ることで、他者には立てられない独自性のある企画にでき、自分の個 性も加えられるとともに、他人の見方に左右されずに、自信をもって企画を進めていくこと ができる。
4,,1,4,体感判断,その場に立ち、 自らの五感で感じとる。,企画をつくるための情報を集めている。,人から得た情報にもとづくだけでは、現場の状況や環境に合わない企画になってしまう 可能性がある。人から得た情報にもとづくだけでは、現場の状況や環境に合わない企画になってしまう 可能性がある。,メディアから得られた二次情報のみならず、現場の人が語る一次情報を得 たとしても、それらは、あくまでもその人たちの認識にもとづく情報でしかない。現場の世界 は、膨大な情報と可能性に溢れ、もっと多様な解釈に開かれている。,現場で自らの五感で感じたことを大切にし、企画の判断に使っていく。,現場に行ったとき には、音や雰囲気、香り、周囲との調和の仕方など、現場全体から感じられることを大切に し、五感を使いながら考え、理解を深める。そうすると、これまでの企画の経験やプロとして の視点・知識をもつ自分だからこそ感じられるものを得ることができるだろう。このように、現 場に立って自分がどう感じたのかということに注意を向け、ワクワクしたり、気持ちが高まっ たりしたことや、発見や驚きがあったことを企画に盛り込むようにする。,こうして集めた情報・感覚を企画の判断に入れていくことで、現場にフィットしたものであり つつ、自分らしさが反映された企画になっていく。また、五感で感じると実感するので、後に 情報として引き出しやすくもなる。
4,,5,5,偶然の取り込み,いま出会ったこの面白いこと、 どうプロジェクトに活かせるだろうか?,現 在 進 め て い る プ ロ ジ ェ クト と は 関 係 の な い と こ ろ で 、 偶然面白い体験や情報に出会った。,その面白い体験や情報を、プロジェクトとは関係がないと切り離してしまっては、企画を よ り よ く す る チ ャ ン ス を 逃 し て し ま う 。,イ ノ ベ ー シ ョ ン は「 新 結 合 」で あ る と 言 わ れ る よ う に 、 一見関係のないものが組み合わさることで、これまでにない新しい発想の企画が生まれる ことがある。日常のなかで面白いと思った感覚を、プロジェクトとは別の次元のことだと片 付けたり、それを「いつか使いたい」と漠然と思ったりするだけでは、日々の流れのなかでそ の感覚や記憶は薄れてしまい、結局は活かせなくなってしまう。,面白いと思ったら、「いまの自分のプロジェクトに活かせないか?」と、とことん考えてみ る。,24時間どんなときでも、面白いことが起きるかもしれないと考えて、プロジェクトと結び 付ける気持ちの準備をしておく。実際に面白いと思う体験や情報があったら、それが面白 いと感じられる理由をつかみ、自分のプロジェクトに活かすことを考えてみる。今取り組んで いるプロジェクトに適した活かし先がない場合には、今後あり得るどんなプロジェクトであれ ば、活かすことができそうかを考え、メモをしておく。,日々の生活のなかで得た刺激をプロジェクトにうまく活かすことができる。また、それを実現 するために新しい仲間と組み、活動の幅が広がっていくこともある。さらに、日頃から複数 の要素を関係づけて考える習慣がつき、偶然出会ったよい情報と企画に接点をもたせる 力も身についていく。
4,,7,6,自分なりの引き出し,発想の種は、 すぐに使えるかたちでしまっておく。,日頃から情報収集を心がけている。,たくさんのものごとを見聞きしていても、いざ企画を考えようとするときに、それをうまく活 かすことができない。,情報の意味を深く考えずに蓄えていると、一般的なカテゴリーでその 情報を記憶しているだけにとどまってしまう。すると、いざ企画を考えようというとき、それまで に蓄えた記憶の中から、どのような情報が関連しているかやどの事例が参考になるのかを 探りあてることができず、もっている情報を自分の武器として活かすことができない。,得 た 情 報 を 自 分 の 基 準 や 視 点 で 捉 え 、「 発 想 の 種 」 と し て 引 き 出 せ る か た ち で 蓄 積 し て いく。,コンピュータのなかに写真をためておくときなどに、自分なりのインデックスをつけて 蓄 積 し て お く 。そ の と き 、イ ン デ ッ ク ス は「 素 材 」や「 食 べ 物 」と い っ た 一 般 的 な カ テ ゴ リ ー で は な く 、「 魅 力 的 な 空 間 」「 ど こ か で 使 っ て み た い 技 術 」 な ど 、 自 分 の 発 想 と 紐 づ き や す い よ う に つ け て い く よ う に す る 。 細 分 化 し て 分 類 す る の で は な く 、雑 多 な 感 じ で し ま っ て お く と 、 発想を刺激しやすくなる。,自分の興味や関心、インスピレーションなどと紐づいた情報を発想の種として使うことがで きるようになる。発想の際には、関連するインデックス以外のものをあえて見て、なかば強 引にアイデアを考えて見るということも有 効である。このような経 験を積むことで、情 報を 一般のカテゴリーとは異なる結びつき方で蓄えられ、独自の視点から考えやすくなる。
4,,9,7,仮組み把握,一度組んでみると、 何 が 足 り な い か も よ く わ か る 。,良いアイデアを思いついた。,そのアイデアを単に思いついたままで止めていると、それを実際に活かす機会はなかな か訪れない。,良いアイデアであっても、それだけで良い企画にはなるものではなく、そのまま では即戦力をもたない。使わない記憶は薄れやすく、日々新たに生まれるいろいろなアイデ アに押されてしまうこともあり、次第にそのアイデアは活かされないまま忘れられてしまう。 消えることを防ぐためにノートにアイデアをメモしたとしても、単なるアイデアのままであれ ば、本質的には同じような問題が生じてしまう。,一度そのアイデアを含む企画をつくり込んでみて、全体を把握し、あとどのような要素が 加われば企画として成り立ち、魅力的になるのかを明らかにする。,そのとき、企画の内容 だけでなく、仮の事業収支まで組んでみると、足りない要素や求められる条件がより明確 になる。,一度企画を組み立ててみることで、その全体が見え、足りない部分も把握することができ る の で 、実 現 に 向 か っ て 大 き く 歩 み を 進 め る こ と に な る 。ま た 、そ の ア イ デ ア を 活 か す た め の前提条件や必要となる要素が明確になるため、適した機会が訪れたときには真っ先に 手を挙げることができ、アイデアを実際に役立てやすくなる。また、そのアイデアが実現で きそうな機会を自ら模索し、企画化していくことも可能になる。
4,,22,8,予 想とのギャップ,自分なりに想像してから見る。 それだけで発見が多く、深くなる。,他の人がつくったものを事例として見に行く。,単に現物を見るだけだったり、事前に調べたことを確認したりするような見方では、自分 を高める機会にはなりにくい。,何も調べずに現場に行ってしまうと、そこに実際にあるもの についての評価をすることが中心となりやすい。また、現場についてよく下調べをしている と、知っていた情報を現場でも確認したというだけに終わってしまいがちである。そのような かたちで事例を見ても、事例そのものの観察・考察にはなりはするが、自分や自分のプロ ジェクトへ活かす力にすることは難しい。,これから見に行くものについて、自分ならどのようなものをつくるかを想像し、その想像と実 際の違いから、新たな気づきを得る。,現場に行く前に、ある程度の情報を元にしながら、自 分ならどのようなものをつくるかをイメージしておく。見に行く場所に向かうときに、想像を膨ら ませるのもよいだろう。そして現場では、事前に自分が想像していたものとの違いから、「なぜ こうなっているのか」「もっとこうすればよいのでは?」と考えを巡らし、自らの考えを振り返ると ともに、自分にはなかった他者の発想の仕方を学び、今後の自らの発想の糧としていく。,他の人がつくった事例を見るとき、そこから学び、気づくことが多くなり、《自分なりの引き出 し》も豊かになっていく。事前に様々なイメージを膨らませて見るということは、他の人の事 例に対しても受動的ではなく、能動的に関わるという姿勢と習慣につながる。また、物事を 見る独自の視点が培われることにもなり、企画を立てるときの力になる。
4,,9,9,ダメ事例の研究,他人の失敗は、自分の成功のもと。,魅力的ではないサービスや空間を見つけた。,ダメな事例を「見るに値しないもの」と捉えると、そこから学ぶ機会を逃してしまう。,ダメな 事例にしようと思って企画をつくる人はいない。うまくつくられていないものには、ダメになっ てしまった理由が必ずある。それを知ることができなければ、自分も同じ失敗をしてしまう可 能性がある。,評判の悪い事例や、自分にとっては魅力的ではない事例もよく見るようにし、その結果 を生み出している原因を分析し、学ぶ。,良くないと言われる事例も積極的に見にいき、ど こが良くないのか、なぜそのようになってしまったのかなどを考える。失敗が起こってしまっ たロジックを自分なりに導き出し、同じ過ちを繰り返さないためにはどのようにすればよいの かを考える。,良くないものが生まれてしまう原因やロジックを教訓としてストックしておくことで、自分が同 じような失敗に陥りそうになっても、未然に気づき、失敗を防ぐことができる。悪いものに対 しても、あら探しをして切り捨てるのではなく、学びのある宝探しのような心持ちで向き合え るようになり、自らの成長の糧にすることができる。
4,,21,10,情報補給,バランスのとれた情報の摂取を。,企画者として知識・情報の収集を心がけている。,自 然 と 入 っ て く る 情 報 ば か り に 触 れ て い る と 、自 分 の 関 心 事 に 偏 っ て し ま い 、新 た な 視 点の企画を生むことはできない。,自分が日頃から興味を持っている分野は限られているの で、幅広く見ているつもりでも自然と触れる範囲が限られてしまい、考える際の視野に偏り が出てしまう。また、専門家と同じ知識を持っていても、差別化した企画を立てることはでき ない。,自分の情報の偏り具合を意識して、足りない分野の情報を得るように心がける。,誰かと 会話していて知らないことが出てきたときは、自分に抜けている情報があったことを認識す るチャンスである。また、自分とは縁のないと感じる雑誌をあえて手に取り、その世界に触 れるようにするのもよい。ちょっとした待ち時間に書店に寄るなど、新しい情報のインプット を絶えず行うように意識する。自分の身体の栄養バランスを保つのと同じように、自分に 不足している情報を気にしながら、偏りのなく情報を摂取するように習慣づけるのである。,幅広い視野をもっていることで、独自の企画を生み出すことができる。また、広い視野がで きてくると、思いがけない新しい情報に巡り合ったときにも、その面白さに気づくことができ、 《 偶 然 の 取 り 込 み 》 が で き る よ う に な る 。 幅 広 く バ ラ ン ス の と れ た 知 識 を も っ て い る と 、ク ラ イアントが安心して任せることができると感じるというメリットもある。
4,,19,11,言われてみれば欲しかったもの,新しい価値はそこから生まれる。,企 画 の コ ン セ プト を 考 え て い る 。,すでに満たされているニーズに対するサービスをつくろうとすると、新しい価値にはなりづ らく、競合も多く価格競争に巻き込まれてしまう。,コンセプトを考えるときには、類似した先 行商品やサービスからの影響のもとで発想してしまいがちだが、既存サービスによって満 たされているニーズを対象にしてしまうと、新しい価値をつくり出すことは難しくなってくる。 当然ながら、競合商品やサービスも多くなり、価格競争となりやすいため、会社の規模の 大きさが競争優位として効いてきてしまう。,まだ直接的にサービスが提供されてない隠れた需要をターゲットとして、サービスを考え る。,制約や立地など、企画の所与の条件や、ターゲットとなる顧客の生活行動などを手掛 かりに、顧客のニーズを探っていくことで、まだ先行サービスが到達していない需要を見つ け出す。誰がどのようなニーズを持っているのか、その土地はどのような隠れた特性を持つ の か 等 は 、自 分 で《 直 に 仕 入 れ る 》の と 、現 場 で の《 体 感 判 断 》を 頼 り に し て い くと 、ま だ 誰 も気づいていない点を見つけやすい。,ニ ー ズ と し て は 確 か に あ り な が ら 、今 ま で 誰 も 気 づ か な か っ た 新 し い 価 値 を 提 供 で き る「 需 給 バ ラ ン ス が 崩 れ た ポ イ ン ト 」を 見 つ け る こ と が で き る 。 新 し い 需 要 に 対 し て の サ ー ビ ス で あれば、周囲と競合することもないため、ニーズに対してストレートに企画を立てていくこと もできる。ただ、後に競合サービスが出てくることが考えられるため、市場状況や需給バラ ン ス が 変 わ る と い う《未 来 を 織 り 込 む 》こ と で 、独 自 の コ ン テ ン ツ や 仕 組 み に な る よ う に つ くり込むことも重要である。
4,,1,12,隠れた良さ,どのような場所に つくろうとしているのだろうか?,企画の対象となる場所が決まった。,そ の 場 所 の 特 性 や 歴 史 に 合 わ な い「 新 し い も の 」を 外 か ら 持 ち 込 ん で も 、そ こ に 馴 染 ま ないものになってしまう。,企画の対象となる場所は真空のなかに存在しているのではなく、 周囲との関係のなかにある。また、それぞれの場所には歴史があり、それは長い時間をか けて受け継がれてきたものである。そのような特性や歴史と相容れない企画は、本当の意 味で価値を生むことはできない。しかし、逆にそれらに囚われすぎると、これまでと同じような ものしか生み出せなくなってしまう。,その場所の特性や歴史を調べ、今は注目されていない良さを掘り起こして、それらを踏ま えた上で新しい価値をつくる。,ふだんはあまり注目されていない特性や、どのような歴史的 な発展をしてきた場所なのかを探り、それらをうまく引き出し活かすことで、これまでとは違う 新しい価値を提供できるように考える。,その場所の良さが活きた独自性のある企画となり、馴染みながらも新しい価値を生み出す ものをつくることができる。その場所にとってふさわしい企画は、その地域にとっても大切な ものとなり、愛され育てられ続ける。それが、その地域の新たな歴史を形づくる。
4,,23,13,アイデアの重ね合わせ,新しさを生むのは、要素だけではない。,企画の価値やコンセプトを考えている。,ひとつの方向性だけから企画の価値をつくり込もうとしても、突出した独自性を出すこと は 難 し く 、競 合 と の 差 別 化 を 図 り に く い。,主 と な る コ ン セ プ ト を 決 め て 企 画 を 練 り 上 げ て いっても、ひとつの視点からのみのアプローチでは強い魅力をもった企画にはなりにくく、 すでにどこかに存在する他のサービスと似たものになってしまいやすい。,複数の方向性のアイデアを重ね合わせ、独自の価値をつくりあげる。,例えば、単なるホテ ルではなく、サービス・アパートメントやギャラリー、サービス・オフィスなどを複合して、「クリエ イ タ ー が 集 う 場 所 」と い う 概 念 を つ く る こ と で 、新 し い 独 自 の 企 画 を 生 み 出 す と い う こ と で あ る。何と何を重ね合わせると、これまでにない価値のあるものになるかを、いろいろ模索し ながら考えていく。,いろいろな可能性を秘めた独自性と奥行きのある企画をつくることができる。重ね合わせ ながらひとつの企画にまとめていく力がついてくると、独自性のある企画を安定的につくっ ていくことができるようになる。また、重ね合わせによって提供する価値に幅を持たせること で、顧客も使い方を検討することができ、自分らしく企画を楽しむことができるため、愛着を もってもらうことにもつながっていく。
4,,18,14,徹 底 リ スト,考えるべき要素を徹底的に書き出すことで、 考えを深めることができる。,企 画 の 前 提 となる 課 題 や ア イデ ア に つ い て 考 えて い る 。,頭のなかで考えているだけでは、多様な要素を把握するのは難しく、漏れが生じたり、考 えを深められなかったりしてしまう。,頭のなかで考えているときには、多くの要素の全貌を つかむことは難しく、抜けや偏りがあっても気づきにくいので、検討すべき観点や重大なリ スクを見逃してしまうかもしれない。また、要素同士の関係性も見えにくい。,企画の前提となる課題やアイデアなどを、考え得るだけすべて書き出し、それを見ながら 考えをまとめていく。,ことの大小や種類によらず、思いつく限りのことをすべて箇条書きで 書き出していく。そして一通り書き出し尽くしたら、全体を見渡しながら、抜けている観点が な い か を チ ェ ッ ク し た り 、 重 要 度 を 考 え た り す る 。 こ の と き 、《 考 え る た め の 点 数 化 》 を す る と、個々の要素を評価し、特徴を把握することができる。また、書き出したもの同士を組み 合わせるどのような価値を生むことができるかも、リスト上で考えることができる。,徹底的に書き出したリストを眺めながら思考を深めることで、考慮すべき要素の抜け漏れ を防ぎながら考えを深めることができる。そして、頭のなかから外へ表現することで、そのリス トとの対話が可能になる。そのようにしてつくられた企画は、必要な要件を満たしつつ、そ の企画ならではの特性も込めやすくなる。これを複数人で行えば、より広い観点で要件や アイデアを出し合い、独自性や深みのあるコンセプトにたどり着くための足がかりにすることができる。
4,,21,15,考えるための点数化,漠然と全体を評価するのではなく、 いくつもの軸で点数をつけて考える。,《 徹 底 リ スト 》の 課 題 や ア イ デ ア に つ い て 、 さ ら に 考 え を 深 め 、評 価 し た い 。,課題やアイデアを全体的に評価するだけでは、詳細に踏み込まない漠然とした評価に なってしまいがちである。,個々の要素を評価する軸はいくつもあるものだが、その軸のそれ ぞれの方向性の検討をせずに評価しようとすると、考えを深めることができず、感覚的な判 断になってしまいやすい。そうなると、課題に対する重要度を見誤ったり、最善のアイデア ではないものを選んでしまったりする恐れがある。また、明確な基準で選ばれていない課題 やアイデアは、他の人への説得性が弱く、建設的な議論の土台にもなりにくい。,複数の評価軸を設定し、各要素に対してそれぞれの軸ごとに点数をつけ、その総合点と 自 分 の 感 覚 の ズ レ を 見 な が ら 考 え を 深 め る 。,例 え ば 、「 マ ー ケ ッ ト の 大 き さ 」「 収 益 性 」「 自 分 た ち の 強 み を 活 か せ る か 」「 自 分 た ち の 他 の 事 業 と の 相 乗 効 果 」「 社 会 的 な 意 義 」「 グ ローバル化できるか」など複数の評価軸を設定し、各アイデアに点数をつけ、その軸ごとの 点数に掛け率をかけて総合点を算出する。総合点を見比べてみて、自分の感覚とのズレ や違和感を感じれば、その理由を考えながら個々の軸の点数を調整したり、自分の考えを 修正したりして、考えを深めていく。,課題やアイデアに対して、細かい評価を明示しながら検討し、判断することができる。個々の 点数自体は自分の考えにもとづくものではあるが、それを一度自分から離して外化すること で、客観的な視点で見ることができるようになる。また、課題やアイデアに対して他の人と議 論がしやすくなり、パートナーとともに考えることが可能になる。さらに、このような点数化の 経験を積んでいくことで、評価する眼が養われ、考え抜く力を強化することにつながる。
4,,13,16,相談の順番,適切なタイミングで適切な人に相談して、 企画を育てていく。,周 囲からコメントやアドバイスをもらって、 企 画 案 を よ り よ くし た い 。,コメントやアドバイスをもらう相手によっては、現実的すぎる視点でアイデアの可能性の 芽が潰れてしまったり、厳しい反応で気持ちが萎縮してしまったりすることがある。,相手 によって、それぞれの専門や関心領域、感覚や性格が異なるので、こちらが求めている種 類・レベルのフィードバックをもらえるとは限らない。だからといって、いつも「いいね!」と言っ てくれる人に相談しても、自信を持つことはできても、内容を詰めたり、見落としている点を 見つけたりすることはできない。,相談相手の得意なことや頼るべきことを踏まえながら、フィードバックを適切なときに取り 入れられる相談の順番を考え、その順番で意見をもらい、企画を育てていく。,例えば、まず は自分のアイデアで一緒に盛り上がってくれる人に話して、アイデアの可能性をポジティ ブに膨らませたあと、自分とは違う視点で物事を考える人に相談し、アイデアに厚みを加え る。最後に鋭い指摘や懸念を挙げてくれる人に相談し、実現に向けて中身を詰めていく。,周囲の強みも活かしながら、企画を効率よく、より豊かに発展させることができる。適切なタ イミングでの相談は、建設的で前向きな話し合いになるので、その企画へのモチベーショ ン を 保 つ こ と も で き る 。ま た 、適 切 な タ イ ミ ン グ で 相 談 さ れ る こ と で 、相 談 相 手 へ の 負 担 や 不 快 感 も 減 ら す こ と が で き 、と も に《 楽 し い 記 憶 》を も つ こ と が で き る 。
4,,16,17,愛着が生まれる余地,最初からつくり込みすぎない。,ク ラ イ ア ント に 企 画 を 提 案 し ようとし て い る 。,初めから隙なくつくり込みすぎてしまうと、受け取った相手が企画について考える余地が なくなり、一方的なものになってしまう。,すべての要素をつくり込んで完成した状態の企画 を見せられると、相手はその案を受けて評価するだけになってしまい、ともに育て上げるコ ラボレーションができなくなってしまう。相手が自分で考え、提案をしたり何かを試したりする 余地がないと、企画を自分のものとして感じにくく、面白みも感じられず、結果として、できた ものに対する愛着も持ちにくい。,企画の骨格はしっかりとつくりながらも、相手がアイデアを盛り込んだり選んだりできる 余地をきちんとつくっておく。,プロとして達成すべき品質はしっかりと保ちつつ、相手が考え を入れることのできる余地をあえてつくっておく。そして、相手からこうしたいという思いが出 てきたら、その気持ちを盛り上げ、柔軟に取り入れながら、企画を詰めていく。,相手と一緒に企画を育てていくことができる。それはつまり、使う人にとって思い入れや愛 着 が 生 ま れ る と い う こ と を 意 味 す る 。こ れ は 、企 画 の 方 針 と し て 大 切 に し て い る《 企 画 の 哲 学 》と 並 ぶ 、企 画 の 上 で の も う ひ と つ の 重 要 な 側 面 で あ る 。使 う 人 の ア イ デ ア や 感 性 が 反 映されることで、できあがるものにその人らしさが加わるとともに、つくるプロセスを共有する な か で《 楽 し い 記 憶 》に つ な が っ て い く 。
4,,20,18,実 現 のリアリティ,実現のための具体性は、 ちゃんと見えているだろうか?,企画の大枠ができてきた。,その企画を実際に動かしていくための具体性が抜け落ちていると、実現が困難になり、 プ ロ セ ス 上 も 混 乱 を 生 ん で し ま う 。,企 画 の コ ン セ プ ト や そ の 大 枠 が で き あ が る と 、気 持 ち が落ち着き、思考が止まってしまいがちである。特に、自分が思いついたアイデアがもとに なっていると、自分にとってはそれだけでよく見えてしまうものである。きれいな写真やかっこ いいコピーなど見た目のよい企画書をつくったときにも、企画が完成したような錯覚に陥り やすい。,その企画を現実のものにすることを強く意識し、コンセプトと実現する具体的なものとの 間にズレがないかを繰り返し確認しながら調整を続ける。,企画を実現するために必要と なる関連各所との関わりや実際の運用イメージ、収益などを考えながら、コンセプトの実現 可能性をきちんと詰めていく。そして、自分で自分の企画に対して批判的・否定的な姿勢 でダメ出しをしていき、それらの点を修正して企画を深めていく。,単 に 魅 力 的 に 見 え る だ け で な く 、実 際 に 実 現 可 能 な 企 画 を つ く る こ と が で き る 。そ う な れ ば、周囲に相談したときにも、そのレベルのフィードバックではなく、企画を強化するような アイデアや意見をもらうことができ、さらによりよい企画に育てていくこともできる。そして、 他の人から指摘される前に、自分で実現可能性を追求した企画を立てるようになれば、企 画人として全体のパフォーマンスも大きく向上することになる。
4,,7,19,なぜの掘り下げ,実現が難しいからといって 簡単に諦めない。,企画のアイデアのなかで、 前 例がなく実 現が 難しいものがある。,難しいからといって諦めてしまうと、その企画で実現したい価値を提供することができなく なってしまう。,これまでにない新しいことをやろうとすると、その実現を阻む制度や仕組み、 慣習など、思いがけない壁にぶち当たることがある。そのような壁があるということは、これ までその方向に進もうとした人がいなかったか、困難であることを知って引き返したかのどち らかである。,なぜ実現が困難なのかを自ら考えるとともに、関係者になぜそのような制度や仕組みに なっているのかを聞いて回り、それらを把握した上で解決のための道を見出す。,なぜそれ が実現困難なのかを徹底的に考えると、なんらかの理由が思いつくだろう。また、関係者は その理由や経緯・事情を知っているかもしれない。そういう情報を集め、複合的に組み合 わせていくことで、実現するための方法や、うまく回避する方法が見えてくる。,ふつうであれば実現が難しい企画を実現することができる。こうして実現した企画は、これ までにない独自性のあるものになり、新しい価値を提供することができるだろう。また、この ような経験を積むことで、壁にぶつかったときに解決・回避する力を養うことにつながる。
4,,15,20,基本の価値,新しさやオリジナリティを発揮するためにも、 きちんと基本を押さえる。,企 画 の 大 枠とコンセプトが 決まり、 具 体 的な設 計を始めている。,新しさやオリジナリティを込めても、快適性や質感、収益性などの基本要件を満たしてい ない企画は、継続的に価値を提供し続けることはできない。,独自性をねらって尖った特徴 を考えることから始めたり、付加的な要素ばかりに気を取られたりしていると、提供すべき 基本の価値がおろそかになってしまうことがある。特に、顧客がお金を払おうと思える価値 を提供できなければ、一時的に注目されたり話題になったりしたとしても、ゆくゆくは立ち行 かなくなってしまう。,その企画がまずは満たさなければならない基本価値をしっかりと意識し、それらが損なわ れていないかをチェックしながら、企画をつくり込む。,提供すべき価値とは、例えば、空間 デザインであれば、企画用途にあった快適な空間にするということであり、また、きちんと収 益をあげられるものにするということである。このように、基本を押さえていることが、《くずし のポイント》を入れるための前提となる。,人々に良いと思われる基本価値を担保することで、事業のベースができ、それゆえ個性を 際立させることもできる。基本価値の実現を怠らなければ、安定したクオリティを保つこと ができるようになり、クライアントの満足や信頼が得られるだろう。また、きちんとした収益が 確保できれば、事業を継続し、価値を提供し続けることができ、次への余力も生まれる。
4,,24,21,どうやるかの突き詰め,「どうやるのか」を自問し、 徹底的に考える。,企画の実現方法を考えている。,やろうとしていることが新しければ新しいほど、その実現方法は自明ではなく、たまたま思 いついた方法が最善とは限らない。,また、どうやって実現するのかについて深く考えずに 進めてしまうと、より適した方法に気づくこともできない。その結果、コストが高かったり、無 理なやり方だったりする方法を採用することになってしまう。,企画をつくり込んでいるときには、絶えず「どうやるのか」を自問し、徹底してその方法に ついて考え続ける。,特に新しい試みの場合には、本当にその方法がベストなのかを問い、 突 き 詰 め る よ う に す る 。 い ま ま で 慣 習 と な っ て い た 方 法 や 規 則 に つ い て も 、「 本 当 は ど う や るとよいのか」を考え、今回の状況に適切かどうかを検討しながら進んでいくようにする。考 え る と き に は 《 徹 底 リ ス ト 》 を つ く り 、《 考 え る た め の 点 数 化 》 を す る の も よ い だ ろ う 。,そのときどきの状況に合わせてよりよい方法を取り入れながら、成功に向かって企画を進 めることができる。この実現手段で、常識を覆す方法をとることで独自性を築いたり、無駄 なプロセスを除くことでコスト削減したりすることもできる。また、可能な実現方法を複数把 握しておくことで、想定外の事態や環境の大きな変化があっても、柔軟に方法を変えるこ とができる。このような経験を積むことで、何かに取り組むときにも、どのように努力をすれ ばよいのか、どのように頑張ればよいのかを考えられるようになる。
4,,22,22,くずし の ポ イント,“完璧”につくり込むと、面白味が出ない。 適度なくずしがその魅力を完成させる。,企画の詳細を詰めて、つくり込んでいる。,単にきれいに仕上がるだけの企画では、とっつきにくく、面白味のないものになってしま う。,"また、ニーズに対してまっすぐに応え、きっちりと満たすだけでは、隙がないものになって しまい、生真面目で窮屈な印象が生じたり、独自性を欠いたありきたりものになったりする ことがある。
",企 画 の 一 部 に 適 度 に 遊 び や 面 白 み 、意 外 性 を 入 れ る こ と で 、よ り 快 適 で 特 徴 の あ る も の に し て い く 。,ニ ー ズ や 要 件 を 満 た し 、《 基 本 の 価 値 》 を つ く る こ と を 前 提 と し た う え で 、 ちょっとした別の要素を取り入れることで、かたすぎない味のある企画に色づけていく。く ず し 方 に も い ろ い ろ あ り 、「 く だ ら な く( f o o l i s h に )く ず す 」こ と や 、「 論 理 的 に く ず す 」と い う ことがある。,とてもかっこよく魅力的でありながら、面白味を感じたり、快適さを感じたりするものを提供 することができる。うまく組み込んだ「くずし」はその企画の特徴となって多くの人の印象に 残り、話題にのぼり、収益にもつながっていく。その在り方や組み合わせ自体が新しく、これ までにないものであれば、新しいトレンドを生み出すこともできる。
4,,14,23,ひとことで 言う,結局のところ、 何か一番の売りなのだろうか?,い く つ も の 要 素 を 盛 り 込 ん だ 企 画 を つ くり 込 ん で い る 。,ひ と つ の 企 画 に い ろ い ろ な 要 素 が 入 る と 間 口 が 広 が り 、可 能 性 が 広 が る 一 方 、そ の 企 画で伝えたいことや提供したい価値が不明瞭になってしまう。,《アイデアの重ね合わせ》 をしたり、さまざまな要件に対応したりすることで、企画は複雑になっていくものである。そう やって良いところが増えて行くこと自体は悪いことではないが、それを紹介したり説明したり するときに、いくつかのセールスポイントを寄せ集めたようになってしまい、企画のフォーカス が曖昧になってしまいがちである。,そ の 企 画 で 提 供 し た い 価 値 を ひ と こ と で 言 え る ま で 、企 画 の「 売 り 」を 突 き 詰 め て 考 え る 。,企 画 を つ く っ て い く と き に は 、「 結 局 、 顧 客 に 何 を 提 供 し た い の か ? 」「 何 が 一 番 の 売 り な の か ? 」と い う 問 い を 自 分 に 投 げ か け 続 け る 。ひ と こ と で 表 現 で き た と 思 っ た ら 、そ の 表現と企画内容にズレがないかを確認し、もしあれば表現と企画内容を修正していくこと で、企画を強化していく。,企画のコンセプトと価値が明確になり、協業する相手にも顧客にもわかりやすく魅力が伝 わるものになる。売りのポイントがはっきりすると、デザインの仕様やセールスのための文 言なども、ブレがなく容易に決めることができる。ひとことで言えるようになることを自らに課 し 、徹 底 す る こ と で 、企 画 を 立 て る 上 で 大 切 と な る「 本 質 を つ か ん で 表 現 す る 力 」が 磨 か れ ていく。
4,,19,24,なりきって 考 える,◯◯さんなら、何と言うだろうか?,企画がいったんできあがった。,この企画で本当によいのかを確認するとき、企画をつくった本人の視点から見直すだけ では、根本的な再考や、大きな改善には到りにくい。,もともと自分がつくったものなので、 自分でチェックしても、同じような観点から見てしまいがちで、盲点には気づきにくく、大きな 修 正 の 発 想 も 得 に く い 。《 相 談 の 順 番 》 を 考 え な が ら 他 の 人 に 意 見 を も ら う と し て も 、 そ う 頻繁に見てもらえるわけではない。,「 ◯ ◯ さ ん だ っ た ら 、こ の 企 画 に 対 し て 何 と 言 う だ ろ う か 」と 、誰 か に な り き っ て コ メ ン ト を 想像し、いろいろな観点からアイデアを磨いていく。,尊敬している人やその道のプロ、自 分 の 上 司 や ク ラ イ ア ン ト な ど を 想 定 し 、「 ◯ ◯ さ ん な ら 何 と 言 う か 」 と 考 え 、 改 善 点 を 見 つ け ていく。特に、その企画を否定してくるという想定で、どの点に対して何を言われそうかを考 え、それを潰していく。,自分以外の視点から企画を検討することで、いつもの自分とは異なる発想で企画の弱点 に気づくことができ、自分自身で企画をブラッシュアップすることができる。自分が努力して つくってきた企画に、自分でダメ出しをするのは躊躇してしまうものであるが、他の人の視 点 に 立 つ こ と で 思 い 切 っ て メ ス を 入 れ る 覚 悟 を 持 つ こ と も で き る 。な り き っ て 考 え る こ と を 習慣化することで、ふだんから複数の視点を行き来しながら考えることができるようになる。
4,,15,25,未来を織り込む,いまだけでなく、 ずっと価値をもたらし続けられる企画を。,これまでにない新しいものを提供する企画をつくっている。,今の市況だけをみて設計していると、提供を開始したときは良くても、後に必要とされな くなるものになってしまう恐れがある。,新しい価値を市場に出すときには、リリース時点で は競合相手がいないので、想定したとおりの展開になるだろう。しかし、その企画が適切に ニーズを捉え、新しい魅力的な領域を切り拓いていればいるほど、追随する競合相手が現 れ、需要と供給のバランスが大きく変わってしまう。また、社会の状況も刻々と変わっていく ので、時間の経過とともに力が衰えていってしまうことが多い。,ずっと価値をもたらし続けられるように、需要や供給の変化を予測し、それを見込んだ企 画になるようにつくり込む。,その企画の周辺領域で、今後どのような社会環境・市場の変 化があり、技術の進歩があり、いま企画しているものがそのときどのような位置づけになる のかを考え、その予想に対してある程度の振れ幅でも対応できるような企画にしていく。,リリースしたときだけ話題になったり収益があがったりするというのではなく、長期に渡って 価値を出し、愛され続けるものを提供することができる。先を見込んで対策を組み込んでお くことで、市場競争への太刀打ちもしやすく、危機を回避すべきタイミングを見逃すことも 少ない。長く使われるということは、結果的には収益性も高くなり、よい企画の要件を満たすことなる。
4,,18,26,好 きなことを 増 や す,趣味が増えると、 企画の幅も広がる。,楽 し み な が ら 、い き い き と し た 企 画 を 生 み 出 し て い き た い 。,仕事だけに一生懸命取り組んでいても、大きな飛躍は生まれにくい。,仕事を仕事と割り 切って取り組んでいると、仕事のために入手する情報や仕事における感情でしか発想す ることができず、世界の広がり方に限界が出てしまう。,好 き な こ と か ら 感 じ ら れ る 楽 し さ や 感 覚 を 仕 事 に 取 り 入 れ て い く た め に 、趣 味 や プ ラ イ ベートでワクワクする時間を維持し、増やしていく。,趣味や好きなことの一部を仕事と結 び つ け 、 楽 し み な が ら 発 想 を 広 げ 、《 偶 然 の 取 り 込 み 》 な ど も し な が ら 、 他 の 人 に は で き な い アイデアをつくっていく。働いていると、趣味といえるようなものはそう簡単には増えないの で、それらを増やすことを意識的に行っていくことが必要となる。,好きなことを仕事に取り入れることで、楽しみながらよいアイデアを生み出していくことがで きる。さらに、つながりの強い趣味のコミュニティを持つことで、そのコミュニティと仕事のつ ながりもできるかもしれない。また、趣味と仕事を両立することで、生活全体のバランスもよ いものとなり、豊かさや楽しさを感じる機会も多く維持できるため、健全な精神で前向きに 働き続けることにもつながる。ただ、趣味と仕事をすべてつなげてしまうと判断を誤りやす いので、重ねるのは一部にとどめておいた方がよい。
4,,24,27,自分なりの強み,強みはかけ合わせると 独 自 の 個 性 に な る 。,企画をつくり価値を生み出す仕事に就いている。,自 分 が や っ て い る か ら こ そ の 価 値 を 出 す こ と が で き な け れ ば 、他 の 人 に 頼 ん で も 同 じ に なってしまう。,一点だけで他の人を凌駕するほどの大きな強みをもっているのでない限り、 他の人と同じような経験を積みながら、自分だけが圧倒的な強みを築き、独自の成長を遂 げるというケースはあまりない。,自分の得意なことや特徴をかけ合わせたものが「自分の強み」だと捉え、それが今後ど のようになればよいかを見極め、自分の強みを育てていく。,自分の得意なことや特徴だと 思 う も の を 《 徹 底 リ ス ト 》 と し て 書 き 出 し 、《 考 え る た め の 点 数 化 》 な ど を し な が ら 、 強 み の 要 素を見つけていく。そして、それらの特徴をかけ合わせた「自分の強み」は周囲に勝てる武 器になるか、マーケット的に需要があるかを見極めながら、新たな強みを足したり強化したり していく。,自 分 な り の 強 み を 認 識 し た 上 で 企 画 に 取 り 組 む こ と で 、自 分 ら し い 仕 事 を す る こ と が で き る 。い く つ か の 強 み を か け 合 わ せ る こ と で 独 自 性 を つ く る た め 、多 様 な あ り 方 が あ り 、周 囲 と闘うことなくオリジナリティを出していくことが可能になる。仕事における自分らしさをつか み、確立できれば、経験を積むことでそれをどんどん強化することができるので、安定した個 性をもった企画人として生きていくことができる。
4,,19,28,目標にする三人,それぞれの良い面を取り入れると 自分なりの成長がある。,もっと成 長していきたいと思っている。,目 指 す 未 来 像 を ぼ ん や り と 描 い て い る だ け だ と 、な か な か そ こ に た ど り 着 く こ と が で き な い。,自分がどうなりたいのかを漠として捉えていると、それを現実にするためにどのような努 力や経験をしたらよいかも明確にならない。そのため、達成することがなかなかできないし、 成長していても目標に向けて正しい路線で進んでいるかどうかさえも、曖昧で判断できな くなってしまう。目指したい人が具体的に見つかっていたとしても、その人のようになりたい という漠然とした設定をしていると、いつまでたってもその人の成り損ないのような存在に なってしまう恐れがある。,「 ◯ ◯ の 面 で は こ う な り た い 」と 思 う 人 を 三 人 見 つ け 、そ れ ぞ れ そ う な れ る 方 法 を 考 え 、実 行 す る 。,な り た い 像 を 考 え る 際 に は 、「 目 指 し た い 一 人 」 で は な く 、「 参 考 に し た い 三 人 」 を 見つける方がよい。1人のある部分は目指したいが、他の部分は自分とは合わないと思う と、そこを補填する要素をもった人を見つけて合わせていくことで、自分らしい未来像をつ くっていくことができる。,自分の目指したい未来像を具体的にもつことで、どのような時間を過ごすべきかが明確に なり、到達が容易になる。また、複数人の良いところを合わせていくと、誰かを真似した劣 化コピーではなく、新しい自分らしさをつくることができる。自分の望む成長を上司や先輩に 伝えておくと、適切なアドバイスを得やすく、経験から学ぶことがさらに増えていくだろう。
4,,12,29,感性の相性,まずは感性や思いが合うかどうかから。 一 緒 に 仕 事 を す る は そ れ か ら 。,他の人と協業しながら仕事を進めている。,相 手 を よ く 知 ら な い ま ま で 仕 事 の 相 手 と し て 組 ん で し ま う と 、あ と に な っ て ズ レ が 生 じ た ときに、プロジェクトを円滑に進められなくなってしまう。,よく知らない相手のことを知るに は時間がかかるものである。まして、商談の場は時間も短い上に、仕事面以外の個性が 見 え に く い 。し か し 、 実 際 に プ ロ ジ ェ ク ト と し て チ ー ム を 組 ん で 何 か を 《 一 緒 に つ く る 》 と き に は、仕事のスキルなどだけではなく、人として付き合っていく面も大きな要素となってくる。,考え方を理解できるように話し合いを重ね、共感できると確信してから仕事の話を進め ていく。,一緒に仕事をしたいと思う相手とは、一度じっくりと話し合い、相手がどのような考 え方をする人なのか、一緒に長期に仕事をしていくことが可能なのかを感じ取る機会をつ くる。はじめから具体的な企画の話をするのではなく、これまでの自分たちの事業のことを 話したり、相手の事業のことを聞いたりするなかで、少しずつお互いのことをつかんでいく。,理解し合える感性をもつ人同士でチームを組むことで、プロジェクトをスムーズに進めやす く な る 。そ の よ う な チ ー ム で 何 か を《 一 緒 に つ く る 》こ と は 自 分 自 身 も 楽 し く 、ま た 相 手 に も 《 楽 し い 記 憶 》と し て 残 る 可 能 性 が 高 い 。じ っ く り と 確 か め 合 う こ と で 時 間 は か か っ て し ま う ものの、考え方が合わずに進行が遅れたり、話し合いが成立しなかったりする場合の莫大 なコストを未然に防ぐことにもつながる。
4,,6,30,一緒につくる,立場や肩書きを超えて、 一緒につくるパートナー。,他の人と協業しながら仕事を進めている。,発注側が強くものを言ったり、肩書きによる上下関係から遠慮が生じたりして、プロジェク トのメンバーの中で、本質的な議論ができない場合がある。,仕事でものをつくる際には、発 注側と受注側、ベテランと若手など、様々な立場の人が一つのチームを組むことになる。そ の際、発信力やその機会が、スキルや年齢の差、会社での肩書などの影響を強く受けてしま うこともある。そのように、様々な立場のメンバーが自由に意見できないなかでは、力を寄せ 合って良いものをつくっていくことはできない。,プロジェクトに関わるメンバーは、成果をつくっていくためのパートナーであると捉え、全員 が対等に議論に参加できるような環境をつくっていく。,ひとつのミッションをもったプロジェク トチームを組む際には、その他の組織の肩書や年齢の差などを持ち込まず、全員がそれぞれ にもっている力を出し合うためのメンバーであると考える。もちろん、高いスキルや豊富な知識 などをもつメンバーへの敬意や尊重はよいことであるが、だからといってその人ばかりが発言 権をもつ状態にしないようにする。,参加者全員が自分の力を発揮するチームとなり、よい成果を生み出すことができる。仕事の 品質を上げることを目的として様々な意見を出し合うなかで、互いの個性を理解する機会に も恵まれ、プロジェクトを離れても役立つ関係をつくることにもつながる。ただ、対等といって も、あくまでも意見を出し、議論するメンバーとして尊重されるということであり、経験差や知 識差などを考慮すべきでないということではない。ベテランはベテランなりの役割を、若手は 若手なりの役割をしながら、チームに貢献することと混同しないようにしなければならない。
4,,15,31,プロとしての主張,相手を尊重しながらも、 言うべき意見はしっかり言う。,他の人と協業しながら仕事を進めている。,さまざまな環境要因やクライアントのニーズに押され、企画者として良くないと感じている ことも受け入れてしまうと、企画全体のクオリティを下げてしまう。,クライアントはあくまでも プロの視点ではなく、使い手としての要望を述べているにすぎない。しかしながら、企画者 としての経験や感覚から、よりよいアイデアややり方があるとわかっていても、立場の差や 場の空気、自信のなさなどから、言うべきことを言えないことがある。,クライアントの思いを実現するための企画のプロとして、自分の考えをもち、しっかりと意 見を伝え、話し合う。,クライアントのアイデアをそのまま実現するのがプロなのではなく、他 のメンバーがそれぞれの立場で口にする言葉を、この企画により良く反映させるためには どうすればよいかと考える立場として、しっかりと責任を果たすように努力をする。ときには、 反 論 や 説 得 を し な け れ ば い け な い と し て も 、プ ロ と し て「 私 は こ う 思 う 」と 意 見 を 伝 え 、で き る 限りの説明をする姿勢をもつようにする。,高いクオリティのサービスをクライアントに提供でき、最終的には満足を得てもらうことが できる。きちんとお互いに言いたいことを出し切って進めていくことで、チームの納得感も 高 く 、《 一 緒 に つ く る 》 メ ン バ ー で あ る こ と が 感 じ ら れ 、《 楽 し い 記 憶 》 と し て も 残 っ て い く 。 ま た、立場の違う人に企画者としての視点を説明し、議論をしながら提案をアレンジしたり、 合意を得たりする経験の中でこそ、自分の企画者としての力を育てることができる。
4,,11,32,楽しい記憶,「一緒にやってよかった。」 それは、満足を超えた賞賛になる。,他 の 人と協 業しながら 《 一 緒 に つ くる 》仕 事 に 就 い て い る 。,クライアントが期待していたものをただつくるだけでは、期待通りの満足が得られるだけ で 、 そ れ 以 上 の も の に な ら な い 。,相 手 の 要 望 に 応 え な が ら 、《 企 画 の 哲 学 》 を 具 現 化 し た ものをつくることだけがゴールとなると、普通の仕事と変わらなくなってしまう。特に建物の ように長く使うものであれば、使い手に愛着をもってもらうことは、その建物の価値を上げ る上でとても重要になる。,単 に 良 い も の を つ く る だ け で は な く 、《 一 緒 に つ く る 》 プ ロ セ ス を 楽 し い も の に す る 。,企 画 のプロとして引き受けている以上、良いものをつくることは当然のことである。「一緒にやっ た仕事、楽しかったよ」と言ってもらえるくらいに「つくるプロセス」を楽しんでもらうことがで きれば、できたものへの愛着も湧き、つくったもの以上の豊かさをクライアントに提供するこ とができる。,物質的なものだけではなく、愛着や思い入れも加わった豊かなものとして、価値を提供する ことができる。それは、自分を信頼して依頼してくれた人に、豊かな時間を提供するというこ とでもある。相手が期待していたものが実現されるだけでなく、想定していなかったものも 実現したときに、満足は賞賛に変わる。そうなると、次にまた一緒に組むことになったり、積 極的な紹介につながったりする。このようにして、自分らしい企画をつくり続けることができ るのである。
1,,2,0,創造的な学び,自分なりの学びをデザインする。,多角的な視点や想像力を必要とする、 複雑な時代に生きている。,創造的に考えるための知識やスキルを学ぶ機会はあまりない。,"何かを学びたいと思ったとき、誰かに教えてもらうという方法ばかりに頼ってし 
まうと、学びに対して受け身な姿勢となりやすい。しかし、何かを変えていくよ 
うな創造的なスキルは、既存の知識を聞いて覚えるだけでなく、自ら何かを実践 
するなかで身につき、磨かれるものである。","何かに取り組むプロジェクトをつくり、その活動のなかで他の人たちと関 
わりながら、考え、学んでいく。","誰かから機会を与えられるのを待つのではなく、自らの興味関心にもとづいて《学 
びのチャンス》(No.1)をつくる。そしてそのプロジェクトのなかで、《つくるこ 
とによる学び》(No.2)を実践する。そして、《学びをひらく》(No.3)ことで、新 
しい発想やより深い学びを得ていくようにする。","学ぶということに積極的な姿勢をもち、自分に必要な学びを自分自身で探し、ど 
んどん進めていくことができるようになる。単に知識を詰め込むのではなく、も 
のごとや知識・情報の新しい関係性を発見し、自ら意味を編集・構成しながら学 
ぶことができるため、得た知識を状況にあわせて使い、何かを変えていく経験が 
増え、ますます学びの重要さ、面白さを感じられる。この力が養われると、様々 
な情報を自らと結びつけながら捉えられるようになり、自分に関わる問題を発見 
し、解決していくような、創造的な思考や行動を取ることができるようになって 
いく。"
1,,2,1,学びのチャンス,学びの機会は、自らつくりだすものだ。,学び始めようとしている。,自分にぴったりと合った学びのプログラムや機会は、あまり見つからない。,"知識やスキルなどを身につけるための機会を、誰かから与えられることはあるだ 
ろう。しかし、与えられた学びの機会が、必ずしも自分に合っているとは限らない。 
多くの人に合わせてあることで、自分のニーズとはずれてしまったり、レベルが 
合わなかったりすることがある。そういうなかで学んでいるだけでは、次第に学 
びへの意欲が削がれていってしまうことがある。","自分の興味・関心を軸として、どうすれば学びたいことを学べるかを考え、 
その機会をつくり出す。","まずは、自分の興味・関心に照らし合わせて、面白いと感じることや、やりたい 
ことの実現のために必要だと思う知識やスキルを把握する。その上で、そのテー 
マに関連する情報を集め、コミュニティや勉強会・研究会があれば積極的に参加 
する。また、何かをつくったり実践したりする機会を設けることで、必要な知識・ 
スキルを具体的に把握し、さらなる学びの方向性をつかんでいくとよい。","自分の興味・関心につながるものを学ぶことができ、意欲をもって学び進めるこ 
とができる。また、その活動の中で、次なる関心ややってみたいことを見つけや 
すくなり、自分の興味を広げながらも、深めていくことにつながっていく。《知の 
ワクワク!》(No.11) を味わいながら、《学びの竜巻》(No.10) をつくり、主体的に 
世界を広げ続けることを楽しむことで《探究への情熱》(No.22)を高め、自分に 
あった学びを続ける原動力となっていく。"
1,,8,2,つくることによる学び,「覚える」学びから、 「つくり、実践する」なかでの学びへ。,学ぶということに対して、あまり積極的になれていない。,"知識を詰め込むだけだと、学ぶということが苦痛で面倒なことだと感じて 
しまう。","得た知識を応用して、自分の考えをまとめ、発信したりするという段階へ進むま 
でには、少なからず知識や経験を蓄積していく期間が必要となる。しかし、先を 
見据えていたとしても、知識を蓄積している段階は、学ぶことが機械的なものに 
感じられ、面白みが見出せなくなってしまうものである。そのため、やりたいこ 
との実現に向けた強い動機がない場合には、知識を詰めこむ段階で挫折してしま 
いがちである。","自分の興味・関心に合った何かをつくった り、実践したりするなかで、知識とスキルを
培っていく。","手を動かして何かをつくったりフィールドに足を運んだりして、やりたいことを 
実践するなかで、知識やスキルを習得していく。創造・実践の過程では、新しい 
発想を得たり、考え���深めたりするための工夫を心がける。また、最先端の動向 
と自分の立ち位置との関係を把握したり、一歩引いた視点からこれまでの学びを 
振り返ったりしながら、目指す方向性を確認し、目標を高めていくとよい。","おもしろさや、やりたいことが実現する手応えを感じながら、新しい知識や技術 
を身につけることができる。《プロトタイピング》(No.17)によって実際につくっ 
てみたり、《フィールドに飛び込む》(No.18)なかで《動きのなかで考える》(No.16) 
と、書籍などから学ぶのとは異なる情報に触れられるため、学びの世界も広がり 
やすい。さらに、取り組んでいる活動の意義を《自分で考える》(No.34) ことや、《学 
びをひらく》 (No.3) ことで他者とかかわりながら続けていけると、学びをよりダイ 
ナミックなものにしていくことができる。"
1,,3,3,学びをひらく,自分のなかに閉じていた「学び」をひらけば、 新たな発見の可能性がひらかれる。,いま学んでいることを、もっと深めたいと思っている。,"学びは内向きの孤独な営みになりやすく、そうなってしまうとなかなか理 
解が深まらない。","何かを学んでいるときには、自分の中だけで考えを深めたり、黙々と新しい知識 
を覚えていったりという場面が多くなる。しかし、一人の人が持つことのできる 
知識や視点には限りがあるので、ひとりでの学びを続けていると、自分の考えや 
理解の間違いにも気づけない上に、新たな発見も生まれにくくなってしまう。",誰かと一緒に学んだり、そのプロセスや結 果を共有したりすることで、他の人の学び を深め、自らの学びも深める。,"まずは、一緒に学ぶ仲間や話し相手・ライバルなど、いろいろな人と学ぶテーマ 
について話し合える環境をつくる。そして、自分が考えていることやその段階で 
の成果をこまめに他の人と共有し、意見を聞いたり、議論をしたりするようにする。 
Web 上に成果をアップしてみたり、考えたことを綴ってみたりするのもよい。","自分だけでは気づかない思い込みが修正でき、他者の視点を取り入れることで理 
解の深まりがうまれ、正確かつ多面的に学ぶことができる。また、一見関係がな 
さそうに思えた知識や現象とのつながりを発見したり、仲間とともに刺激しあい、 
高め合ったりしていくこともできる。さらに、集団のなかでの自分を見つめるこ 
とで、《セルフプロデュース》(No.38)をして《突き抜ける》(No.39)ことの土 
台をつくっていくことにもつながる。"
1,,19,4,まずはつかる,"よくわからないからこそ、
まずはどっぷりつかってみよう。",学びたい分野や環境を見つけ、チャレンジしようかと考えている。,"その分野や環境が本当に自分に合っているのかを考えてしまい、なかなか 
一歩が踏み出せない。","新しい物事に関しては、実際に取り組んでみなければわからないことは多くある。 
しかし、人はわからないことに対してわからないまま踏み出すことや、成功する 
イメージや自分が貢献できる自信が持てない状態で何かを始めることには、躊躇 
してしまいがちである。その結果、考えてばかりで一歩を踏み出せなくなってし 
まうことがある。",興味・関心があることには、あれこれ考え ずに飛びこんでみて、そこで見えたこと・わ かったことから考え始める。,"明確な理由が見えなくても、まずは自分の直感を信じて研究テーマの方向性や学 
ぶ領域を決め、興味・関心があるテーマに近い研究会や勉強会に参加してみる。 
関連するテーマも含め、参加できる機会やイベントがあれば、どんどん足を運ん 
でみるとよい。そして、そのなかで過ごしてみてわかったことや感じたことを踏 
まえ、今後の研究・活動について再考するようにする。","分からないことをあれこれと悩むことが減り、自分が決めるために必要な情報を 
得ることで、的確に判断することができる。興味のある分野の先人たちのやり方 
を《まねぶことから》 (No.5) 始め、《教わり上手になる》(No.6)と、その分野で 
成長していくイメージが見えやすく、自分の未来の姿を描くことができる。また、 
研究の対象の《フィールドに飛び込む》(No.18)ことで、現場の問題を肌で感じ、 
それに対して自分がどのように感じるのかを知り、《探究への情熱》(No.22)がも 
てるかどうかがわかってくるだろう。"
1,,23,5,まねぶことから,学ぶことは、真似ることから。,新しい分野で学び始めたり、身につけたいスキルがある。,"最初から「自分らしさ」を出そうとすると、学びのスタートがうまく切れ 
ない。","何かを学び、成果を出していこうとするときには、自分らしさを表現して、他の 
人との違いをつくっていきたいと思うものである。しかし学び始めで、標準的な 
成果を出すことすら難しい段階では、自分らしさを表現しようと考えても、それ 
が他者に伝わるレベルには到達しにくい。またその分野で活かせる自分らしさや 
特長を、すでに自分が持っているとは限らないので、空回りしてしまいがちになる。","まずは手本となる人の真似から始め、基本的なことを学び取ってから、自 
分のオリジナリティについて考える。","自分が見習いたいと感じる先生や先輩・プロを見つけ、その人の発想や活動の仕 
方をよく観察する。そうするなかで、自分が真似をしたいと思うスタイルや、や 
り方などを見つけ、その「型」を自分のなかに取り込み実践する。「型」を身につ 
け、十分にできるようになったら、その後に初めて、それにアレンジを加えて自 
分のオリジナリティを出していくようにする。","すでに成果を出している人のやり方(型)を習得することで、その道での基本的 
な成果をつくり出せる領域に短い時間で到達できる。そして、基礎ができるよう 
になった上で、自分らしさを加えていくことで、基本がしっかりとしていながら、 
オリジナリティを他者に認めてもらえるような成果を出していくことができるよ 
うになる。そのアレンジのしかたを《自分で考える》(No.34)ことで、成果の中 
で自分らしさを強めていくことができ、次第に自分にしかできないことができる 
ようになっていく。"
1,,6,6,教わり上手になる,適した質問ができれば、グッと前に進める。,スキルの習得中に、行き詰まってしまった。,"状況を漠然と捉え、焦点がぼやけた質問をしたり、代わりにやってもらっ 
たりしていると、いつまでたってもできるようにはならない。","「できない」と認識した時点で考えを止めてしまうと、どうすればその状態を抜け 
出せるのかがわからないままになってしまう。そのような状態で誰かに質問をし 
ても、聞かれた方も何を説明すればよいかがわからないものであり、本などを参 
照しようとしても、役に立つ情報に辿りつけないことが多い。また、できないか 
らといって他の人に任せてしまっていては、スキルアップをする機会を失ってし 
まう。",どこまで分かっていて、どこから分からな いのかを把握してから質問し、やっても らうのではなく、やり方を教わる。,"まず、何ができないのかを説明できるように分析し、自分がわからないポイント 
をきちんと人に説明できるようにする。その上で詳しい人のところへ行き、現状 
を変えるためのアドバイスをもらいながら、自分でやってみる。その時には、教 
わったことはきちんとメモを取り、次からは自分ひとりでできるようにする。また、 
教えてくれた人には、感謝の気持ちをきちんと示すとよいだろう。","自分が困っていることに対して的確なアドバイスをもらえることで、つまずきが 
解消され、学びが進みやすくなる。自分を正しく認識し、人からのアドバイスを 
受け入れることが上手になると、つまづいたときだけでなく、普段から他の人か 
ら学ぶことがうまくできるようになり、《学びのチャンス》(No.1)が広がる。そ 
して、《学びをひらく》(No.3)ことで、いろいろな人とつながり、自分自身が成 
長しながら、周囲の問題も解決していけるようになっていく。"
1,,21,7,アウトプットから始まる学び,"インプットだけが、
学びの出発点ではない。
","自分はこれからどのような知識やスキルを身につけるとよいのかが、いま 
いち見えていない。","その知識やスキルがどのように活きるのかというイメージがつかめないま 
ま、ただ情報をインプットしてもなかなか身につかない。","何かを学んでいるとき、まずは「基礎」だと言われる知識をとにかくインプット 
しようとしてしまいがちである。しかし、知識の習得は、それがどのように活き 
るのかが実感できていないと、主体的に学んだり、学び続けたりすることは難しい。 
また、本来「基礎」と言うのは、何かのための基礎(土台)であって、その何か 
が不明確であるうちは、基礎としての意義は感じられず、興味を持てる対象には 
なりにくい。こうして、学びへの意欲や関心が薄れていってしまう。",何かをつくったり、実践したりする過程で、 自分に足りない知識や、磨くべきスキルを 見出していく。,"まずは何かをアウトプットする状況に身を置き、そのアウトプットに向けて一生 
懸命取り組んでみる。そしてその過程で、やりたいけれどもうまくできないこと 
を見つけ、上達するために必要な知識やスキルを身につけていくようにする。また、 
アウトプットしたものを、一歩引いて見てみたり、他の人からフィードバックを 
得たりして、足りないものを理解していくのもよいだろう。","自分がやりたいことを進めるために本当に必要な知識やスキルを学んで実践する 
ことで、学びの意義と効果を実感しながら、学んでいくことができる。また、実 
践の成果が目に見える形で残っていくため、単に自分のなかに知識やスキルが蓄 
積されたという以上の実感をもつことができる。アウトプットから始める学びは、 
自ら《学びのチャンス》(No.1)をつくりながら学ぶことに他ならない。"
1,,24,8,外国語の普段使い,"ちょくちょく使っていれば、
身体も心も慣れてくる。",外国語で読み書きしたり、発表をしたりする機会がある。,"いきなり外国語で書いたり話したりしようとすると、つい尻込みしてしま 
う。","外国語は、自分で思った通りに表現できるレベルに到達するには多くの時間を要 
し、また、長らく触れていないと忘れてしまいやすいものである。そのため、外 
国語に触れる時間が少ない状況では、その言語を使って、堂々と発表をしたり意 
見を書いたり、述べたりすることができるようには、なかなかならない。そして、 
そのようにうまくいかない経験を重ねてしまうと、ますますその言語を使うこと 
に気が進まなくなってしまうこともある。","日頃から外国語で読み書きをしたり、会話をしたりする機会をつくり、こ 
まめに外国語を使うようにする。","ブログや SNS などを利用して、自分の考えを外国語で発信したり、友達と外国語 
で会話をする時間を設けてみたりするなど、日常生活の中で外国語を使う環境を 
つくっていく。内容は研究や趣味、日常生活のことなど何でもよいが、中心とな 
るテーマを決め、そのテーマに関する外国語の文献やウェブサイトを読むなどし 
て、その分野で使われやすい単語や言い回しを学んでいくと、実践的な言い回し 
を早く習得することができる。","日常のなかに、外国語で思考したり、対話したりする機会があることで、その言 
語を使うことへの抵抗感も薄れ、次第に自然と使えるようになっていく。普段か 
ら外国語を使うということは、自分に必要な単語や言い回しを中心に学ぶことに 
なるので、《アウトプットから始まる学び》(No.7)ともなる。また、他の人との 
会話や発信に使うことは、《学びをひらく》(No.3)ことになり、他者からの助言 
が得られやすく、上達しやすくなる。同じ目的をもった人と《学びの共同体をつ 
くる》(No.28)と、生活の中でのリズムや続けるモチベーションを維持しやすく、 
長く続けながら、互いを高め合っていくこともできる。"
1,,20,9,学びのなかの遊び,興味があることと絡めれば、学びはもっと楽しくなる。,学ぶことがつまらないと感じる。,学びを義務として捉えていると、苦痛であり、効果も上がらない。,"学びの中には、直接自分の興味や関心につながらないと思えることや、暗記など 
単調に感じられるものもある。そういったものに自分が興味や関心をもちにくい 
場合は、「やらねばならない」と感じやすく、高いモチベーションをもって取り組 
むことは難しい。そのため、取得したいスキルや知識が自分の興味と結びつけら 
れないときには、学びがはかどらず、結果として良い成果が得にくくなってしまう。",興味があることと学びを結びつける工夫 をし、学ぶ過程に楽しさや遊びをつくり出す。,"学びたいことを、自分が夢中になれることや面白いと思うことと関係づけるよう 
に工夫をし、学ぶプロセスに自分にとっての楽しさをつくっていく。例えば、デ 
ータ分析のためのスキル習得が無機質に感じてしまうときには、自分が興味をも 
てるテーマのデータを用いてみると、とっつきやすくなるかもしれない。プログ 
ラミングのスキルを習得したい場合は、もしゲームが好きなら、ゲームをつくる 
プログラムを選択して学び始めると楽しめるだろう。","夢中になって遊ぶ感覚で学びを進めることができる。自分の興味・関心に突き動 
かされることで、自然と《身体で覚える》(No.13)ことができ、新しい知識やス 
キルによって自分ができることが広がる実感をもつこともできるため、《知のワク 
ワク!》(No.5)も感じやすくなる。また、その過程で自分の《成長の発見》(No.15) 
ができれば、学ぶことへの楽しさを体感することにつながり、自主的に次の学び 
へと進んでいくことができる。"
1,,2,10,学びの竜巻,スポンジのように吸収する学びから、自ら絡めとる学びへ。,学ぶべき情報がたくさんある。,与えられた情報を吸収するだけでは、効果的な学びにはつながらない。,"授業や本は、学生・読者の一人ひとりに最適なかたちで情報を提供してくれるわ 
けではなく、自分の興味・関心との関係性は、自分自身で考えなければならない。 
その時、自分との関係を整理せず、必要そうな情報を何となくすべて吸収しよう 
と考えると、情報が多すぎて諦めることになってしまったり、自分が問題を発見・ 
解決するために使えないかたちで覚えてしまったりしてしまう。",自らの興味・関心を中心に置き、関連する情報を「竜巻」で絡め取るように集め、自分がもつ知識と混ぜ合わせて関係づけていく。,"自分の興味・関心・やりたいことに目を向け、それを学びの竜巻の源とし、様々 
な情報をその源に関連するかたちで理解・習得していくようにする。授業や本も、 
自分の興味・関心に照らし合わせて関連するものを選び、自分にとって重要だと 
思う箇所を中心にノートをとったり、線を引いたりする。自分のテーマとの関連 
について考え、ノートや本の余白に書き込んでみるのもよいだろう。","ただ漫然と知識を得るのではなく、自分と結びつけながらしっかりと学ぶことが 
できるようになる。そうやって学んでいると、自分の興味・関心を軸としていろ 
いろな知識が有機的につながっていき、《知のワクワク》(No.11)を感じることが 
多くなっていく。《研究への情熱》(No.6)がもてるテーマを選ぶと、より長い期間、 
大きな竜巻を起して学び続けることができる。"
1,,1,11,知のワクワク！,"知的な興奮、アカデミックな
感動を楽しもう。",いろいろなことを学んでいる。,"ただ知識を吸収しているだけでは、次第にそれに飽きてしまい、学びの進 
度が落ちてしまう。","学び始めた段階では、その分野における知識やスキルを覚えるという作業が多い。 
しかし知識を吸収するという作業は単調で、何も考えずに頭に入れていくだけで 
は楽しさを見出しにくい。そのため、考えるためのインプットがなかなかはかど 
らず、学んだことを応用する段階になかなか進めなくなってしまう。",知らないことを知ったときの興奮や、何かを学んだことで以前とは世界が違って見えたときの感動を、学びの原動力にする。,"授業や本で新しい知識に触れたときに、すでに知っている知識や現実世界とどの 
ような点でつながっているのかを考えてみる。さらに、それによって、今まで見 
ていた世界の見え方がどれほどどのように変わるのかを感じとる。そんななかで、 
発見の興奮や感動を味わったときには、自分がどのような点に感動をしたのかを 
覚えておき、さらに同じような発見をもたらすであろうものや体験を探していく 
ようにする。","「学ぶ」という活動が本来もっている楽しさを味わいながら、学び進めていくこと 
ができる。与えられた情報を鵜呑みにするのではなく、《学びの竜巻》(No.10)に 
絡め取って自分の関心と関係づけたり、《広げながら掘り下げる》(No.21)の「広 
がり」を意識してつくっていったりすることで、さらなる学びの楽しさを感じら 
れるだろう。そして、それによって、様々な知識やスキルを主体的に学び続ける 
ことができれば、自分ができることや考えられることの世界が広がり、次第に創 
造的な活動ができるようになっていく。"
1,,18,12,量は質を生む,大量の情報は、理解や思考の飛躍を起こす。,学びを進めてきて、もう少し理解を深めたいと思っている。,「だいたい知っている」という状態から、なかなか先に行くことができない。,"学ぶなかでは、自分の得意な分野や好きな部分を深めるということは、比較的た 
やすい。しかし、そういうときに、触れる情報がある一定の視点からのものに偏 
ってしまいがちであり、そうなると多角的な視点がもてず、ものごとを深く理解 
することができなくなってしまう。",知りたいことに関連する大量のインプット をし、それらを組み合わせて多面的に学びの対象を捉える。,"深めたいテーマについて、様々な情報源からたくさんのインプットをするように 
し、ひとつの事柄を多面的に捉えられるように心がける。たくさんの本を読むと 
きには、どの本でも扱われている情報は広く受け入れられている考えであり、個 
別にしか出てこない内容は、その本独自の視座からの情報かもしれないと考える 
ことができる。何か新しいことを学び始めるときにも、複数の入門書にあたって 
情報の重みづけを感じとったり、わからない部分を別の本で補完したりしながら、 
全体を理解していくとよい。","学びの対象を様々な観点から眺めることで、関連する分野や情報とのつながりも 
見えてくるため、深い理解を得ることができる。大量の情報に触れる際には、《学 
びの竜巻》(No.4) に絡め取るように集め、自分と結びつけていく。そして、《広げ 
ながら掘り下げる》(No.20) ことを意識すると、テーマを取り巻く周囲も含め、全 
体の世界観をつかみ、より深い理解が可能となる。"
1,,24,13,身体で覚える,"意識しなくても
自然に使えるようになるまで繰り返す。",新しいスキルを身につけたいと考えている。,"手順や考え方を頭で覚えるだけでは、スキルを使いこなせるようにはなら 
ない。","スキルを習得するとき、はじめに手順や使い方、理論などを理解してから試して 
みようと考えがちである。しかし、実際の体感やリアリティがない段階で多くの 
知識を覚えるのは時間がかかる上に、理解も浅くとどまりやすいため、なかなか 
進めなくなってしまう。また、教科書を完璧に覚えたからといって車の運転が上 
手になるわけではないように、スキルには言葉では言い表せないコツや判断力も 
必要であるため、覚える時間をかけても、スキルの上達に直接結びつかないこと 
も多い。",スキルが身体に刻み込まれ、意識しなくても使えるようになるまで、繰り返し練習・ 実践する。,"まずは、習得したいスキルを実践しながら、そのスキルがどのようなものなのか 
を体験的に理解する。その上で、そのスキルについての知識を得て、より深く理 
解する。このように知識と実践を行ったり来たりしながら、身体に刻み込まれる 
まで繰り返し練習・実践する。","繰り返しの練習によって感覚が蓄積され、そのスキルを本質的に習得し、自由に 
使いこなせるようになる。《学びのなかの遊び》(No.9)を取り入れたり、《成長 
の発見》(No.15)が感じられるように工夫したり、《ライバルをつくる》(No.30) 
ことで、飽きずに継続的に練習を続けることができるようになるだろう。"
1,,18,14,言語のシャワー,"じゃぶじゃぶに浴びていると、
意外と身につくものだ。",外国語やプログラミング言語などを習得したいと思っている。,馴染みのある言語とは異なる別の言語を身につけることは簡単ではない。,"自分で思っていることを言葉によって思い通りに表現できるようになるためには、 
単語や文法を覚え、ボキャブラリーを蓄積していく必要がある。また、その他にも、 
その言語独自のリズムやイントネーションを理解し、それらに慣れることも不可 
欠である。そのため、言語の習得はどうしても時間がかかるという認識が生まれ、 
習得への壁を感じたり、途中で諦めたりしてしまいがちである。",聞いたり見たり読んだりする時間を増や し、たくさんの時間、その言語に触れて感 覚をつかむようにする。,"毎日徹底してその言語に触れる環境をつくるようにする。例えば、自然言語(外 
国語)の場合は、インターネットラジオやオーディオブックなどを BGM として流 
したり、自分が使う電子機器の言語設定を外国語にしたりするのもよい。人工言 
語(プログラミング言語)の場合は、サンプルとなるプログラムをたくさん読み、 
それらを改良するところから始めるとよい。","頭で覚えるのではなく、《身体で覚える》(No.13)という感覚で言語を身につけて 
いくことができる。そのようにしてつかんだスキルは、頭で考えて使おうとする 
よりも感覚的に、自然に使うことができるようになる。ただし、言語のシャワー 
を浴びていたとしても、《量は質を生む》(No.12)ためには多くの時間がかかるた 
め、必要性・重要性を感じたら、《まずはつかる》(No.4)ことで、すぐに始める 
のがよいだろう。"
1,,9,15,成長の発見,"昨日の自分と、今日の自分。
そのわずかな違いに敏感になる。",日々努力し、学んでいる。,効果が感じられないなかでは、学ぶ熱意を長続きさせることは難しい。,"学んだ知識やスキルは、必ずしも数値などのわかりやすいかたちで、その成長が 
測れるわけではない。たとえば、情報を上手に学び取る力や、魅力的な文章表現 
の力などは、そもそも数値で測れないものでもあり、自分だけでは成長している 
かどうかさえもわかりにくい。このような、努力への成果が見えにくいことに対 
してはモチベーションが保ちにくく、取り組みを持続させていくことが難しくな 
りがちである。",どこがどう成長したのかを振り返ることができるように、学びの記録をつけて進歩を実感するようにする。,"学ぶために使ったものや、アウトプットをしたものなどを残しておき、自分の過 
去と今を量的かつ質的に比べられるようにする。しっかりと仕上げたレポートな 
どはもちろん、自分が学ぶ過程で用いた資料やノートでもよい。また本を読んで 
いるときに、気になったところに線を引いたり、感じたことを書いたりして残し 
ておくだけでもよいだろう。そして、行き詰ったように感じたときは、それらを 
見返して、いまの自分がもつ知識やスキルとの差異を確認し、成長や変化を感じ 
取るようにしていく。","成長している自分を実感することで、さらなる学ぶ意欲をかき立てることができ 
る。また、一度できるようになると、それは自分にとって当たり前のことになり、 
意識しなくなっていくが、記録を見返すことで自分が身につけた力を思い出し、 
再確認するきっかけになる。勉強やスキルの習得は、本来長い時間がかかるもの 
なので、やり抜くためには、《探究への情熱》(No.22)や《断固たる決意》(No.33) 
という精神的・周辺的な支えだけでなく、学びそのものの蓄積を実感する機会を 
つくることも重要なのである。"
1,,7,16,動きのなかで考える,手を動かしたり、足を運んだりすることで、思考は深まる。,あるテーマについて、本や論文、記事などから情報を得ながら考えている。,実感を伴わないと、学びも思考も浅くなってしまいがちである。,"人間の認知は、外界との相互作用の中でつくりだされ修正されていくものである。 
自分の頭の中で思いつくことや想像できることは限られているし、実際にフィー 
ルド(外界)に出ることでしか得られない情報も多くある。また、学んだことを 
頭の中で考えているだけでは、新たな発想や誤って理解してしまったことへの修 
正が生まれにくく、学びも発展しにくくなってしまう。",プロトタイプ制作やフィールドワークを行い、そのとき感じたことや得た情報を踏まえて、考えを深めていく。,"考えていることを頭の外に出して客観視したり、自分の考え以外の情報に触れた 
りすることで新しい情報を得るようにする。例えば、簡単に加工できるものでプ 
ロトタイプ(試作品)をつくってみたり、フィールドワークを行って、実際に現 
場へ行ってみることでしか得られない情報・感覚を味わってみたりする。このよ 
うに、実際に活動をしながら考えを深めていく。","書いてある情報をひとりで解釈して学ぶことに比べ、その対象をきちんと深く理 
解することができる。また、知識と現実との関係にも気づくことができるため、 
現実の問題を発見したり、解決したりすることに適したかたちで知識の習得を深 
めていくことにもつながっていく。《フィールドに飛び込む》(No.18)ことで、《偶 
有的な出会い》(No.29)のチャンスをつかめる可能性もあり、学びが外からの刺 
激を受けて、様々な方向性へ発展していくことも期待できる。特に、学びや研究 
の初段階で《まずはつかる》(No.4)ことが重要なのは、《動きのなかで考える》 
ことで、広い視野でその世界を確認することができるためでもある。"
1,,8,17,プロトタイピング,形になるといろいろな面が見えてくる。,アイデアが形になりそうだと感じている。,"頭のなかで考えているだけでは、これからつくるものの問題点や可能性に 
気づきにくい。","何かをつくる際には、実際に手を動かしてみることで初めて気づく問題点がある 
ものである。そのため、構想を練るばかりで手を動かさないままでいると、アイ 
デアの問題点に気づくのが遅れてしまうことがある。また、周囲の人にアドバイ 
スや意見を求めようとしても、具体的な事物がない段階では、イメージがうまく 
伝わらず、建設的な議論ができないことも多い。",たとえ現実の問題を扱っていても、資料をまとめるだけでは、その現実を理解したことにはならない。,"まずは、クオリティが低くてもよいので、プロトタイプをつくってみる。そして、 
つくる過程で新たに検討しなければならないことを見つけたり、できたものと思 
い描いていたイメージとの違いを確認したりして、構想を練り直すヒントを得る。 
さらに、試行錯誤しながらいくつかプロトタイプをつくることで、様々な選択肢 
の中からよりよいものを選んでいくことができる。そして、プロトタイプを用い 
て周りの人とイメージを共有し、そこで得られたフィードバックを最終的なアウ 
トプットに反映させる。","実際につくって試しながら計画を練っていくことで、効率的に高いレベルの成果 
物をつくっていくことができる。政策やビジネスにおいても、「特区」や「テスト 
マーケティング」というかたちでプロトタイピングは行われているように、多く 
の物事は《小さく生んで大きく育てる》(No.33)という考えで、まずは計画を形 
にして他者の視点も入れながらつくりあげられていくのである。"
1,,23,18,フィールドに飛び込む,行ってみないと、わからないことがある。,実社会や現実の問題について学び、考えている。,"資料から情報を得てまとめるだけでは、その対象を表面的にしか理解でき 
ない。","ある対象について書かれたものは、ある人の視点から見た情報でしかなく、対象 
そのものではない。それらは、自分に必要な視点で書かれているとは限らないし、 
また、対象に直接触れられる現場に行かなければ分からないことも必ずある。そ 
のため、書かれた情報だけを参考にしていては、対象を深く理解するには到りに 
くい。","フィールド(現場)に飛び込み、「当事者」と作業をともにしながら、「外部者」 
としての視点や知識と結びつけて考える。","教育であれば学校や教室、建築であれば設計現場や実際の建物、社会問題であれ 
ば課題が感じられる場所やそれに関する会議など、現場となる場所を探して足を 
運んでみる。そして、当事者と行動をともにするなかで、「なぜそうするのか」を 
その場で問い、行動や活動の背景を理解する。また、フィールドでの現象を、事 
前に学んでいた理論と照らし合わせて理解を深めるのもよい。その際、気持ちが 
現場に入り込みすぎてしまうと目の前のことに翻弄され、客観的な視点を失いや 
すいので、フィールドで何をしたいのかの目標をもち、ぶらさないことを心がける。","現場にしかない具体的な生の情報を得て、周辺の様々なこととのつながりを知り、
対象の理解を深めることができる。《まずはつかる》(No.4)という気持ちで、そ
こにいる人たちの行動を《まねぶことから》 (No.5) 始め、いろいろなことを体験し
ていくことで、行動のつながりや思考・心情など、テキストにはないような幅広
い細かな情報を知ることができる。自分が取り組んでいる問題の意味を肌で感じ
ることができ、《探究への情熱》(No.22)を高めることにもつながっていく。"
1,,17,19,鳥の眼と虫の眼,その二つの視点を行き来する。,物事をより深く理解したり、表現したりしたい。,"全体を見ているだけでは細部はわからず、部分に注目するだけでは全体を 
見失う。","同じものを見ていても、どういった視点をもつかによって見えてくるものは異な 
るものである。したがって、細部を観察したり細かい部分をつくり込んだりして 
いるときには、全体が見えにくいし、逆に、俯瞰的な観点で物事を見ているとき 
には、詳細を見落としてしまいがちになる。かといって、俯瞰的な視点と詳細な 
視点の両方を同時にもつことも難しい。",全体を俯瞰する視点と、細部をきめ細か く見る視点とを切り替えながら、物事を考 えていく。,"ある視点での作業に一区切りがついたら、次は細部から俯瞰、または俯瞰から細 
部へ視点を切り替えて見つめ直すことを意識的に行う。たとえば、論文執筆にお 
いて、本文内の表現を突き詰めているときには、論文全体のなかでの位置づけを 
確認するようにして、今つくり込んでいる表現が適切かを見直してみる。逆に、 
論文の全体像を考えているときには、ときどき、個々の章で何を書くのかの具体 
的なイメージを膨らませる時間をもつようにする。","全体的な位置づけやバランスもよく、細部の詰めもしっかりした考えに至ること 
ができる。また、自分の活動に対して鳥の眼と虫の眼をもつことは、《広げながら 
掘り下げる》(No.20) ためにも、《セルフプロデュース》(No.38)のためにも重要 
となる。さらに、論理と感覚の思考モードを《右脳と左脳のスイッチ》(No.22) 
で切り替えることと併せて行うと、様々な視点からの深みをつくることができる。"
1,,20,20,隠れた関係性から学ぶ,意外なつながりこそ面白い!,物事をより深く理解したり、新しい発見をしたりしたい。,"既存の分類や関係性に囚われていては、これまでにない視点や新しい発想 
は得られない。","世の中にあるものの多くは、すでに既存の基準で分類され、関係性が整理されて 
いる。そのため、何かを理解するときには、自分ならではの視点で意味づけるこ 
とは難しく、既存の分類でしか見ることができなくなりがちである。",物事の背後にある「隠れた関係性」を探 究し、そのつながりに着目することで、こ れまでとは異なる視点や発想を得る。,"今ある分類は、かつて誰かが決めた基準にすぎないことを意識し、自分の観点か 
ら物事の関係性を探すようにする。例えば、分野を超えて使われている言葉や、 
論文・書籍で参照されている文献、研究者の交流関係などから、共通項を考え、 
隠れたつながりを把握してみる。要素の数が多い場合には、それらがどのように 
関係づけられているのかを図にマッピングすることで、関係性の全体像をつかみ 
やすくなる。","一般的な捉え方に囚われず、自分自身の視点で社会や事象を捉えていくことが 
できるようになる。《学びの竜巻》(No.10)をつくり、《広げながら掘り下げる》 
(No.20) なかで、自分の専門と他の領域との関係性を捉えることができれば、これ 
まで誰も着目していなかった分野を超えた発見をし、分野の発展に寄与すること 
ができる可能性もある。新しい関係性に気づくことができたときには、心から《知 
のワクワク!》 (No.5) を味わうことができるだろう。"
1,,8,21,広げながら掘り下げる,"深く深く掘るためには、
まわりも掘らなければならない。",ある分野のことをより深く学びたいと考えている。,"同じような範囲の情報に触れているだけでは、あるところで限界に行き当 
たってしまう。","日本語の読解力が数学の文章問題を理解する力に結びつくように、あるいは、経 
済学が他の社会科学の学問や数学と結びついているように、単独で存在している 
分野はない。ある知識は、それと関連する他の知識と相互に依存しあっているの 
である。そのため、ある分野だけを掘り下げていっても、その中だけを見ていると、 
あるところで理解を深める限界がきてしまう。",ある程度の理解が進んだら、その周辺のことについても学び、関係づけながら、さらに知識を深めていく。,"ひとつの分野・テーマを掘り下げるときには、初めの段階ではその分野に関する 
ことを徹底的に学び、理解を深めていく。そして、その分野のことはだいたいわ 
かったと言えるぐらい、ある程度の理解が進んだと思えたら、視野を少し広げて 
それに関係する概念や分野を学んでみる。例えば、ある言語のプログラミングの 
スキルを身につけた後は、別のプログラミング言語を学んでみたり、開発方法論 
やアーキテクチャについて学んでみたりする。","中心となるテーマを、他とのつながりのなかで多面的に理解することができる。 
そのような理解ができるようになれば、得た知識を応用して、問題を解決した 
り、自分にしかできない発見ができたりするようになっていく。《量は質を生む》 
(No.12)ことを意識して徹底的に取り組むとともに、《鳥の眼と虫の眼》(No.19) 
をもって全体のなかの位置づけを把握しながら学んでいく。他の物事と結びつく 
ことで、《知のワクワク》(No.11)をますます感じることができるだろう。"
1,,13,22,探究への情熱,"情熱がもてないことを、
最後までやり抜くことは難しい。",自分が深く学んでいく分野や専門、研究テーマを決めようとしている。,"魅力的に見えた分野・テーマであっても、自分が取り組む意義を見出せな 
いと、長く続けることはできない。","研究テーマは社会的ニーズや学問的発展も視野に入れて決める必要があり、自分 
の興味や意思だけで決められるものではない。しかし、「社会・学問にとって必要」 
という観点だけで選んでしまうと、研究活動の過程で、ここまで自分がやらなく 
ても構わないのではないかと思ってしまい、労力を注ぎ続けることができなくな 
ってしまうことがある。研究は、これまでにないものを創り出す先端領域の活動 
であるため、「生みの苦しみ」が伴うからである。",「自分が取り組む」ということをしっかりと意識し、情熱や愛情をもてるテーマを選ぶ。,"研究テーマを選ぶ際には、どうしてもこれだけは解決したいという問題への「憤 
り」や「焦燥感」、または、研究対象への「愛」といったような、感情が動くテー 
マを考えてみる。そのようなものは、自分の中を一生懸命探すというよりは、世 
の中のこと・最先端のことをいろいろと眺め、調べながら感じとっていくとよい。 
その上で、自分が情熱をもてるテーマがどのように社会的ニーズとつながるのか、 
研究が進めば世の中の何が変わるのか、そして、学問の発展に寄与するのかとい 
う観点で深めていく。","長く続いていく研究活動の対象として、自分自身のやりがいを感じて折れずに進 
めていけるテーマを選ぶことができる。探究への情熱をもてるテーマが見えてき 
たら、それを軸にして、これまで培ってきた様々な学び方を実践していくことで、 
最先端に近づいていく。そして、《知のワクワク!》(No.11)を味わいながら研究 
を加速させていくことで、《突き抜ける》(No.39)ことができるだろう。"
1,,17,23,右脳と左脳のスイッチ,論理と感性、その両方が必要だ。,何かを本気でつくり込んでいる。,論理だけに任せても、感性だけに任せても、たいした飛躍は期待できない。,"論理的(左脳的)な思考は、分析や推論を促し、感性的(右脳的)な思考は、豊 
かな発想や表現を促す。しかし、論理的な思考と感性的な思考は、両方が自然に 
できるよりも、どちらかの方が得意な人が多く、思考のしかたは偏ってしまいが 
ちである。かといって、論理と感性の両方の思考を同時に駆使することは難しい。",論理的な思考と感性的な思考の二つの モードを切り替えながら、物事に取り組む。,"論理的な、または感性的な思考で突き詰めた結果、納得のいくレベルに到達した 
ときや、あるいは行き詰まりを感じてしまったときは、別の思考のモードに切り 
替えるようにする。例えば、論理的に考えていたときには、美しさや豊かさを、 
感性的に考えていたときには、論理的な整合性を考えてみる。文章で書いていた 
ことを図にしたり、絵の説明を文章で書いてみたりするなどもよいだろう。","異なる二つの考え方を使えるようになることで、理解や表現が深く質の高いもの 
になる。また、《鳥の眼と虫の眼》(No.19)による視点の切り替えも併せることで、 
自分でアイデアを高める思考ができるようになる。このようにして表現されたも 
のは内容的にも表現的にも質が高まるので、その経験は《魅せる力》(No.25)を 
磨くことにもつながっていく。"
1,,8,24,小さく生んで大きく育てる,何度もバージョンアップさせて 大きな成果へ。,大きな成果を出したいと思っている。,"いきなり大きな成果を出そうと意気込むと、達成までに時間がかかりすぎ 
て、途中で挫折しやすい。","なにかをつくるには、時間と手間がかかり、成果や効果はなかなか見えてこない 
ことが多いものである。しかし、それが見えないと、途中で自分の取り組みの意 
義を信じられなくなったり、楽しさを見出せなくなったりしてしまい、持続して 
取り組むことが難しくなってしまうこともある。また、そもそも大きな成果を出 
すことは難しいことであり、思う成果に到達できないと感じることは、頻繁に起 
こることである。",まずはアイデアをアウトプットすることに 集中し、それを徐々に大きな成果に育て ていく。,"自分がやりたいことを思い描き、小さな規模でも具体的なかたちにして、周囲に 
発表する。大きな構想がある場合には、その構想の縮小版や一側面を表現したも 
のでよい。そして、そのアウトプットに対して周囲から感想や意見をもらい、肉 
付けをしていくことで徐々に成長させていく。","小さくても一つの成果を出すことができれば、自分が取り組んでいることに対す
る手ごたえを感じ、取り組みを続けるモチベーションを保つことができる。そして、
成果をアウトプットすると《学びをひらく》(No.3)ことができ、他者と相談した
り、一緒に取り組む人を増やしたりしながら、大きな活動に成長させやすくなっ
ていく。どんなに大きな成果でも、最初は小さな成果から始まっており、多くの
人の中で育てられていくことで、社会を変える力を備えた活動にしていくことが
できる。"
1,,4,25,魅せる力,ただ「見せる」だけでは足りない。,アイデアや成果を発表しようとしている。,"自分ではよいアイデアや成果だと思っていても、他の人がそのよさに気づ 
いてくれるとは限らない。","人は話を聞いたり読んだりするとき、内容だけでなく、その伝え方も含めて情報 
を受け取っている。また、同じ内容でも、相手の知りたいことや知らないことを 
ふまえて情報を提供しなければ、相手にとってのよい情報、新しい情報にはなり 
にくい。そのため、内容がよくても伝え方次第では、その魅力が伝わらないもの 
になってしまう。",伝えたい内容を理解してもらうだけでな く、その魅力を感じてもらえる伝え方を心がける。,"自分が伝えたいと思っている内容には、どのような魅力があるのかを考える。自 
分で理解できていないことを、人に伝えることはできないため、魅力が多すぎたり、 
曖昧に感じられたりする場合は、整理することが必要である。そして、何も知ら 
ない相手に、その魅力を伝えるためにはどうすればよいかを意識しながら伝え方 
を考える。相手の実際の反応を見ながら伝え方をアレンジするのもよい。","伝える内容の本質的な魅力を深く理解し、それを伝えることができれば相手の興 
味を引き出すことができる。興味もってもらえると、深いアドバイスをもらえ、 
研究に参加してくれる人を増やすことにもつながっていく。魅せる力を磨くため 
に、魅力的な伝え方をしている人を観察し、それを《まねぶことから》 (No.5) 始め、 
何度も練習・実践することで、《身体で覚える》(No.13)ことで、研究の魅力が多 
くの人に伝わり、《小さく生んで大きく育てる》(No.24)ことができるだろう。"
1,,24,26,「書き上げた」は道半ば,"自分がわかるために書き下ろし、他の人がわかるように書き直す。
",論文やレポート、発表資料を作成している。,"伝えたい内容を「書き上げた」という段階の文章は、他の人にとっては理 
解が難しい。","書くことは考えることであり、書くことが思考を整理して進めてくれる。しかし、 
考えながら書いた文章は、その思考のプロセスが反映された複雑なものになりが 
ちである。そのような文章は、自分では理解できても、他の人が理解できる文章 
ではない可能性がある。",書き上げた後に、「他者の眼」をもって、理解しやすいかどうかをチェックしながら、修正していく。,"その文章を初めて読む読者になったつもりで、最初から順に読んでいき、他者が 
理解できるかどうかをチェックする。文章全体の流れがスムーズかどうかや、論 
理の飛躍がないかを徹底的に検証し、また、音読をしながら言葉のリズムや語呂 
のよさ、句読点の適切さ、誤字脱字がないかなども何度も確認する。その過程で 
文章に大きな変更が必要だとわかったら、思い切って修正する。","出来上がった文章が独りよがりの内容ではなくなり、他者が読みやすく洗練され 
た文章へと進化し、自分が伝えたい内容が伝わる文章になる。《鳥の眼と虫の眼》 
(No.19)の「鳥の眼」をもって全体の流れやまとまり感を、「虫の眼」をもって言 
葉や文のつながりをチェックしたり、《右脳と左脳のスイッチ》(No.23)をしながら、 
より魅力的な表現を探したりするとよい。このことが自然と行えるようになれば、 
《魅せる力》(No.25)も高まることになる。"
1,,7,27,ゴール前のアクセル,ゴール直前では、その先を見据えて思い切り加速する。,ひとつの活動が終盤に差しかかったと感じている。,目標達成の直前では、詰めの作業の手が緩んでしまいがちである。,"目標達成の直前の詰めの作業は、つらく厳しい。また、人は、目標を追いかけて 
いくプロセスのなかでこそ意欲的に活動ができることが多いため、目標達成の直 
前になると、成果をより高めていくことに対して無意識のうちにブレーキをかけ 
てしまう。しかし、「だいたいできた」という状態になってからも修正を繰り返し 
ていかなければ、他者に伝わり、心に響くような成果にはなりにくい。",目標達成の直前では、「次のゴール」となる、より魅力的な未来や高い目標を設定し て、いまの目標を達成しきる原動力にする。,"現在行っている活動の延長線にある次の目標を仮設定し、現在のゴールを「通過点」 
として捉え直す。その際、今取り組んでいる活動を一歩引いて捉え、今の目標が 
達成された後に何が待っているのかをイメージする。こうしてより大きな目標を 
見据え、ゴールの詰めの作業のモチベーションとする。","ゴール直前の粘りを要する作業をモチベーション高く進められることで、アウト 
プットの完成度が飛躍的に向上する。最後まで諦めず、すべての力を絞り出すこ 
とで、《魅せる力》(No.25)が生まれ、人に伝わるものになる。こうして、いくつ 
ものゴールを通過点に変えながら前進し続けることで、《突き抜ける》(No.39) こ 
とができるだろう。"
1,,11,28,学びの共同体をつくる,独りで学ぶ必要なんてない。,難しくてやりがいのある研究や活動を始めようとしている。,"挑戦したいテーマが、ひとりで進めるには大きすぎると、時間がかかりす 
ぎたり、途中で挫折しやすくなったりしてしまう。","一人で活動していると、かけられる時間にも、使える知識やもてる視点にも限り 
がある。そのため、様々な視点に触れずに一人だけで研究を進めていくと、独り 
よがりな内容になってしまい、世界観や理解を深める機会を失ってしまう。また、 
一緒に頑張る人や応援してくれる人の存在がないと、何か問題に直面した際に、 
気持ちが途切れてしまいがちである。",同じ目的を持つ人や、互いに刺激し合える 人と、一緒に学んでいける環境をつくる。,"まずは、つくりたい共同体についての構想を練り、誰とどのような勉強会を開く 
のかを考えてみる。またそのとき、論文や冊子にまとめるのか、ウェブで公開す 
るのかなど、成果のかたちを明確にし、目標として定めるとよい。そして、それ 
をたたき台として、周囲の人に持ちかけてみる。興味がありそうな人が数人集ま 
ったら、その人たちを立ち上げメンバーとし、さらに多様な参加メンバーを集め 
ていく。","メンバーと切磋琢磨することで、一人で取り組んでいるときには気付くことので 
きなかった発見や新たな課題を見つけることができる。また、自分の《学びの竜巻》 
(No.4) が、他のメンバーの竜巻と融合して、より大きな竜巻となり得るため、大 
きなムーブメントを起こせる可能性を秘めている。また、共同体のなかで「教え 
る側」と「教わる側」という固定的な役割をつくらず、互いが《教えることによ 
る学び》(No.32) をできるようにすることで、みんなで成長していくことができる。"
1,,20,29,偶有的な出会い,"ちょっとした行動がもたらす
大きな出会いがある。","自分が取り組んでいるテーマについて、情報交換したり議論したりしたい 
と思っている。","自分の周囲だけでは、同じような興味・関心をもつ人と出会う機会はなか 
なかない。","人はそれぞれ異なった興味・関心を持っており、自分の知り合いが必ずしも自分 
と同じような興味・関心を持っているとは限らない。そのため、多様な知り合い 
や友達をつくるのとは異なり、似た興味・関心をもつ人と出会う機会は少なく、 
自分の興味に関連した場に身をさらさなければ、新しい出会いのチャンスを得る 
ことは難しい。",自分の興味・関心に関係する「場」に入ってみることで、同じような興味・関心の人と出会うことができる。,"例えば、興味・関心のあるテーマや人物の講演会などに、積極的に出向いてみる。 
あるいは、自分の興味・関心に近い活動をしているコミュニティに入るのもよい。 
また、自分が気に入っている本の中で参照されている他の文献を読んでみたり、 
面白いと感じる人物の他の著書を読んでみたりするとよいだろう。","興味・関心が同じ人との新たな出会いは自分の行動を変え、考え方や活動範囲を 
広げる大きなきっかけとなる。また、出会った人からもらえる情報から、偶有的 
な物や対象との出会いが起こるなど、《学びのチャンス》(No.1)をどんどんつく 
っていくことにもつながっていくだろう。その中には自分の今後の人生を変えて 
しまうほどの刺激的な出会いもあるかもしれない。"
1,,11,30,ライバルをつくる,互いに刺激し、高め合う仲間を見つける。,目標にむけてまだまだ多くの努力を必要としている。,自分との孤独な戦いを、一人で長く続けることは困難である。,"人は、孤独な作業の中で、自分自身に対して厳しく居続けることは難しい。その 
ため、学びの活動を自分だけで続けていると、モチベーションが薄れ、成長が鈍 
化してしまいがちである。",頑張っている人や負けたくないと思える人を見つけ、互いに刺激し合いながら、ともに成長できるように交流する。,"テーマや分野が同じでも違っても構わないので、自分の周囲に、頑張っている人 
や負けたくない人を見つけるようにする。そして、相手から刺激を受けるだけで 
なく、自分からも相手によい刺激を与えられないかを考える。何か成果が上がっ 
たらお互いに見せ合い、成長を確認し合ったりして、仲間と切磋琢磨しながら、 
自らのやる気を奮い立たせていく。","ライバルがいると、自分ひとりで活動しているときに比べ、成長スピードを格段 
にアップさせることができる。また、相手の変化と比べることで、自分の《成長 
の発見》(No.15)もしやすくなり、取り組んでいることの効果を実感でき、より 
高次を目指す熱意が生まれる。また、他の人との差異について深く考えることに 
もつながり、自分はどこでどのように《突き抜ける》(No.39) のかを考えるきっ 
かけにもなるだろう。"
1,,9,31,はなすことでわかる,"自分の考えを「話す」ことは、
自分からその考えを「離す」こと。",自分の考えをまとめようとしている。,一人で考え込んでいると、行き詰まってしまうことがある。,"「理解した」ことと、「理解した気になる」ことは違う。そして、自分が理解した 
気になってしまっていることには気づきにくく、また、何を理解していないのか 
もわかりづらいものである。しかし、自分が何を理解していて、何を理解できて 
いないのかを整理しなければ、自分の現状を知り、考えを深めていくことはでき 
ない。",考えていることを誰かに話し、相手の反応によって伝え方を変えていくことで、自分の考えを明確にしていく。,"身近な人のなかで、話を聞いてくれる人を探し、自分の考えていることを話して 
みる。相手がわからなそうなところは、わかるように説明し直す。また、興味が 
ありそうなところは、話を膨らませる。話をした後、どの説明がよかったのか・ 
悪かったのかを振り返り、それを踏まえて、さらに他の人にも自分の考えを話し 
てみる。毎回話し方を洗練させ、上手く話せるようになるまで繰り返し話す。","上手く人に話せるように考えを整理し、順序立てて人に伝えられるようになるこ 
とで、理解があいまいだった部分や論理的な飛躍、理解の誤りがなくなり、その 
対象を本当に理解することができるようになる。正しくわかりやすく説明できる 
ようになると《魅せる力》(No.25)も上がり、自らを中心として《学びの共同体 
をつくる》(No.28)ことにもつながっていく。人に話すことで自分の頭の中だけ 
の世界から離し、アイデアを仲間で議論できるものにし、発展させていこう。"
1,,1,32,教えることによる学び,人に教えると、自分にも学びがある。,自分の分野・テーマに関して、かなり詳しくなってきた。,"すでに知っていることが多くなると、なかなか考えを深めることができな 
くなってしまう。","分野やテーマにおける自分の知識が増え、思考が固まってくると、新しい視点を 
持ちにくくなり、知識が足りない部分や考えが深められていない部分に気づきに 
くくなってしまう。また、さらに深めようとしても、新たな切り口を見つけにくく、 
学びが進まなくなりがちである。","知識やスキルを誰かに教える機会をつくり、相手の状況に合わせて伝えるということを通じて、さまざまな文脈での理解を
図る。","例えば、授業のアシスタントになったり、グループワークで自分の持っているス 
キルを他のメンバーに教えたり、後輩の研究相談に乗ったりして、自分が知って 
いることを誰かに教えるような状況に身を置く。そして、教える相手のニーズや 
レベルに合わせて、どのように伝えればよいかを考え、説明する。さらに、反応 
を見て教え方を調整することを多様な相手に合���て繰り返していく。","教えることを通じて、自分の知っていること・できることを捉え直すことができ 
るとともに、自分に欠けていた知識や曖昧に理解していたことに気づき、新たな 
知識を得る機会とすることができる。「教える」というアウトプットを上手にする 
ことを目指して知識を充足させていくと、《アウトプットから始まる学び》(No.7) 
となり、身につきやすい。教える相手の純粋な疑問に向き合うことで、《自分で考 
える》(No.34)機会をつくることもできるだろう。"
1,,1,33,断固たる決意,決意をカタチにする。,大きなチャレンジをしようとしている。,"成し遂げるまでには、つらく厳しいこともあるので、中途半端な気持ちで 
は乗り切ることはできない。","何かを生み出したりスキルを身につけたりするためには、時間や労力がかかるた 
め、やりとげるための強い気持ちが必要である。しかし、その苦しい過程におい 
ては、当初持っていたやる気や勢いは徐々に薄れていき、途中で挫折してしまう 
ことが多い。",これから取り組む活動をやり抜く覚悟を 決め、それが実現できるように身のまわりの環境を整える。,"まずは、ゴールを明確にして成功のイメージを持ち、活動への情熱やモチベーシ 
ョンを高め、それを必ずやり遂げるという決意を固める。そして、そのための時 
間を、しっかりと確保する。必要であればそれ以外に割いている時間を整理したり、 
周囲の人に決意表明をしたりして、逃げ道がない状況へと自らを追い込み、決意 
を維持するのもよい。","自分の固めた決意をやり抜くための環境を整えることで、それをやり続けること 
ができ、目標の達成につながりやすい。《魅せる力》(No.25)をつかって周囲に宣 
言することで、理解した上で応援・協力してくれる人を増やすこともできるだろう。 
そうして、自分を追い込み、難しいことを達成する経験を積み重ねれば、次第に《突 
き抜ける》(No.39)ことができるようになっていく。"
1,,9,34,自分で考える,「なぜ?」という気持ちを忘れない。,"本当は状況や関心が変わっているのに、まわりに流されて、なんとなく取 
り組み続けてしまうことがある。","自分が慣れ親しんだものは、手放しがたく、価値があるものに思えてしまいがち 
である。また、長く続けた経験を切り捨てることをもったいないと感じたり、また、 
周囲の状況や流行、他人の意見に流されてしまったりすることもある。そのよう 
なことが重なると、自分で深く考えることなく、今の活動を続けてしまうことに 
なりがちである。","目標達成の直前になると、無意識のうちに脳がブレーキをかけてしまう。
目標達成の直前の詰めの作業は、つらく厳しい。
人は、目標を追いかけていくプロセスのなかでこそ、意欲的に活動できる。","当たり前になっていることも、もう一度自分自身でなぜそれをするのかを 
考え、その意義を確認する。","自分が取り組んでいる活動に対して、「なぜその活動をするのか?」を問い直して 
みる。もしその問いに明確な答えを見つけることができなければ、その活動を自 
分が取り組む意義について、じっくりと考えてみる。取り組み始めたときの目的 
と今の状況の違いなどを確認したり、目指したい未来と今の状況を照らし合わせ 
たりするとよいだろう。","自分にとって重要ではないことをなんとなく続けてしまうことが減り、自分にと
って重要なことを見極めることができる。自分で考えた結果、いま行っているこ
とが最善ではないと気が付くことができれば、《捨てる勇気》(No.36)が生まれ、
自分の新しい興味や関心へチャレンジする決意もつきやすい。それによって、限
られた時間を効率的に使い、意味のある経験を積み上げていくことができるだろ
う。"
1,,19,35,目的へのアプローチ,その道は本当に目的地につながっているだろうか?,現在取り組んでいる活動がある。,不適切なアプローチでがんばり続けても、目的は達成できない。,"目的へのアプローチ(方法)はひとつではなく、今取り組んでいるアプローチが 
必ずしも最善であるとは限らない。しかし、自分が長く続けてきた方法には愛着 
があったり、変えるときの短期的な手間など躊躇してしまったりして、思い切っ 
て変えることはなかなか難しい。かといって、不適切な方法で進み続けていては、 
目的を達成することができなかったり、もしくは達成が遅れてしまったりする。",いまのアプローチで本当に目的を達成できるのかを考え、必要であれば、より適切 なアプローチに切り替える。,"自分が取り組んでいる目的や目標を達成するために、現在とっているアプローチ 
が適切かどうかを定期的に問うようにする。もし今のアプローチが適切でないと 
感じられる場合には、分野にこだわらず、他にどのようなアプローチがあり得る 
のかを探してみる。例えば、教育の問題を空間デザインの手法で解決することも 
できるだろう。そして、より適切なアプローチが見つかったら、そのアプローチ 
を思い切って採用する。","よりよいアプローチを採択することで、努力を成果に結びつけることができるよ 
うになる。よさそうなアプローチを見つけたときには、《まずはつかる》(No.4) 
ことで、自分の活動に取り入れるときのイメージを探ってみれば、誤ったアプロ 
ーチを選んでしまう可能性を減らせるだろう。他の分野の手法を試してみるとき 
は、《学びをひらく》(No.3)ことを意識し、すでにその分野に長けた人と交流し 
ながら進めるとよい。"
1,,14,36,捨てる勇気,"囚われていたものを捨てると、
新しい可能性を得ることができる。","これまで学んできたことに情熱をもてなくなっていることや、いまのやり 
方が正しくないということに気づいた。","無理に続けていても、モチベーションはどんどん下がり、よい結果になら 
ないことが多い。","うまくいってないと感じても、これまでやってきたことをやめるのは、これまで 
の労力やそこで得た知識等が無駄になってしまう気がして、抵抗があるものだ。 
しかし、それに囚われて同じテーマや方法を続けてしまうと、なかなか事態は改 
善せず、さらにモチベーションが下がってしまったり、成果が出にくくなってし 
まったりする。",今までのテーマや方法を捨て、より広い視野や選択肢をもって、今後の学びについて考える。,"まず、自分が今行き詰まってしまっている原因を探り、それが本当に解決できな 
い、または解決が困難なのかを考える。また、その取り組みをやめてしまったら、 
どういう問題が生じるかを考えるのもよいだろう。もし解決が困難で、中断して 
も問題が生じない場合には、いつでも再開できるようにした上で中断してみると 
よい。","今の自分にとって価値が低いことを捨てる勇気を持つことで、停滞した状況から 
脱することができる。これまでの取り組みをやめ、空いた時間や気持ちを新たな 
ことにむけ、何をやりたいのかを再考することで、今、新たに取り組むべきこと 
が見えてくるだろう。そうして、過去の取り組みをやめることになったとしても、 
そのなかでの《成長の発見》(No.15)を確認しておくことで、過去の学びを新し 
い取り組みにうまく使っていくことができるようになる。"
1,,19,37,フロンティア・アンテナ,最先端を知らずして、最先端を切りひらくことはできない。,馴染みのない分野での創造活動や研究に取り組んでいる。,"最先端で起こっていることや議論されていることを知らなければ、自分が 
生み出す成果の価値も評価できない。","研究活動とは、人類の誰もが知らない「新しい未知の領域」を開拓する知的活動 
である。研究の新しさは、「既知」と「未知」との分かれ目(フロンティア・ライ 
ン)を見極め、それを広げることができるかどうかで決まる。そのため、最先端 
で今まさに起こっていることを知らなければ、自分の取り組みが研究となるのか、 
またその研究に価値があるのかを見極めることは難しい。",その分野のフロンティア・ラインを把握し、逆算して、そこに辿り着くために必要な知識を考え、学ぶ。,"例えば、自分が取り組んでいる(もしくは、これから取り組む)研究に関係する 
最新の論文を読んだり、学会へ行ったりすることで、フロンティア・ラインが今 
どこにあるかを確認する。また、それに並行して、フロンティアの研究を理解す 
るために必要な知識を学んでいく。そして、「未知の領域」を開拓できるように、 
自らの研究をデザインし実践する。","どこまでが既知で、どこからが研究領域であるかをしっかりと理解した上で取り 
組むことができ、研究分野にとって価値のある探究をすることができる。また、「未 
知の領域」を開拓するのだという使命感が沸き起こり、取り組むことへの高いモ 
チベーションにもつながるだろう。また、フロンティアを把握するということは、 
《セルフプロデュース》(No.38)するためにも、《突き抜ける》(No.39)ためにも 
不可欠なことである。"
1,,1,38,セルフプロデュース,自分で自分の「プロデューサー」になる。,日々いろいろなことを学びながら、活動をしている。,"目の前のやるべきこと・やりたいことをこなしていくだけでは、なりたい 
自分や目指している目標に到達できないかもしれない。","いろいろとやることがあると、つい目の前のことに時間を使ってしまいがちであ 
る。しかし、自分で学びや成長をデザインしなければならないなかでは、ただ目 
の前のことに対応し続けても、目指す未来にはたどり着かない可能性もある。","目指したい自分の未来像と、現在の自分との間の道のりを見通しながら、「自 
分づくり」を行う。","まず、自分は今後何をしたいのか、どうなりたいのかを考え、その未来をイメー 
ジする。そして、そこに到達するためにはどのようなプロセスを経るべきかを考 
える。まず近い将来である1年後や半年後の自分はどうなっている必要があるの 
かを考え、マイルストーンを設定する。そして、そこに達するためには、何をす 
ればよいかを考え、実践していく。","到達したい未来を見据えて設定したマイルストーンを一つずつクリアしていくこ 
とで、着実に目標に向かって進むことができる。《成長の発見》(No.15)をしなが 
ら進んだり、なりたい像と今を見直す時間を定期的に取ったりすることで、自分 
の未来像に近づいている実感を持つこともできるだろう。「前に」(pro)「導く」( 
ラテン語 ducere) という意味であるプロデュースを、自分自身に対してできるよ 
うになれば、自分のもっている知識やスキル、人間関係、所有物などの様々な資 
源をつないで、自分自身の成長を生み出していくことができるようになる。"
1,,22,39,突き抜ける,"極限まで突き抜けてはじめて
未来をつくることができる。",これまで取り組んできた活動で、ある程度の成果を出すことができている。,"独自性や凄みがなければ、社会にインパクトを与えたり、流れを変えたり 
することはできない。","当事者からすれば違いがあるように感じていても、日ごろからその分野に関心が 
あるわけではない人たちからすると、多少でしかない差異は見えにくいものであ 
る。そのため、大きな提言や変化をもたらす発信をするためには、他と比べての 
非常に強い独自性や圧倒的な凄みがなければならない。","自分がどこで違いを生み出せるのかを考え、圧倒的な差異を生み出すほど、 
徹底的に取り組む。","自分が取り組んでいる活動や自分自身のなかで、どの点がインパクトを出せる部 
分なのかを考え、その点で他と圧倒的な違いを生むように徹底的に深めていく。 
その際は、似た他のもの・人との差別化を考えながら、独自性がありつつ社会に 
必要とされる点を見つけることが大切である。そして、「ある程度の」差異・凄み 
ではなく、「圧倒的な」差異・凄みが出ることを目標におく。また、新しい分野を 
切り拓くときには評価軸自体がないこともある。そのような中でも自分の生み出 
したものの価値を伝えるためには、やはり徹底的に成果をつくり込んでいく必要 
がある。","これまでとは違う価値を生み出し、世の中に貢献できる成果を発信することがで 
きる。それによって、共感した人が徐々に集まり、《小さく生んで大きく育てる》 
(No.24)活動の種にすることができるだろう。突き抜けて価値をつくることがで 
きれば、情報や機会が集まってくるため、それを《学びのチャンス》(No.1)とし、 
さらに研究を発展させていくことができる。《学びをひらく》(No.3)ことを心が 
けながら突き抜けた活動を続けていくことができれば、世の中に必要とされる、 
価値あるフロンティアを切り開くことができるだろう。"
3,,5,0,創造的プレゼンテーション,,,,,,,
3,,15,1,メインメッセージ,,,,,,,
3,,10,2,心に響くプレゼント,,,,,,,
3,,19,3,成功のイメージ,,,,,,,
3,,12,4,ストーリーライン,,,,,,,
3,,13,5,ことば探し,,,,,,,
3,,14,6,図のチカラ,,,,,,,
3,,21,7,メリハリ,,,,,,,
3,,4,8,驚きの展開,,,,,,,
3,,4,9,はてなの扉,,,,,,,
3,,11,10,ぶんび両道,,,,,,,
3,,21,11,適切な情報量,,,,,,,
3,,4,12,魅力のちょい足し,,,,,,,
3,,3,13,イメージの架け橋,,,,,,,
3,,12,14,リアリティの演出,,,,,,,
3,,5,15,参加の場づくり,,,,,,,
3,,7,16,細部へのこだわり,,,,,,,
3,,13,17,表現のいいとこどり,,,,,,,
3,,9,18,不快感の撲滅,,,,,,,
3,,16,19,スキマをつくる,,,,,,,
3,,5,20,きっかけスイッチ,,,,,,,
3,,3,21,テイクホームギフト,,,,,,,
3,,7,22,場の仕上げ,,,,,,,
3,,21,23,成功のリマインド,,,,,,,
3,,7,24,自信感の構築,,,,,,,
3,,21,25,キャスト魂,,,,,,,
3,,17,26,最善努力,,,,,,,
3,,10,27,ひとりひとりに,,,,,,,
3,,4,28,“世界”への導き,,,,,,,
3,,17,29,即興のデザイン,,,,,,,
3,,24,30,終わりが始まり,,,,,,,
3,,22,31,独自性の追求,,,,,,,
3,,24,32,魅せ方の美学,,,,,,,
3,,2,33,生き方の創造,,,,,,,
